id,first_name,last_name,email,gender,my_date
1,Olivero,MacTrustie,omactrustie0@forbes.com,Male,2022-01-13 11:05:08
2,Maisie,Sadler,msadler1@alibaba.com,Female,2021-12-12 10:00:19
3,Joline,Janton,jjanton2@creativecommons.org,Genderfluid,2021-11-27 09:37:21
4,Lorilee,Uttridge,luttridge3@diigo.com,Female,2022-09-20 17:32:29
5,Lucho,Addy,laddy4@buzzfeed.com,Male,2021-12-14 22:30:06
6,Nolan,Gillian,ngillian5@cdc.gov,Male,2022-05-08 05:31:41
7,Catha,O'Growgane,cogrowgane6@istockphoto.com,Female,2022-08-15 10:36:14
8,Kaleb,Gerant,kgerant7@google.nl,Male,2022-05-26 08:14:53
9,Luciano,Cranmore,lcranmore8@wunderground.com,Male,2022-03-09 01:48:33
10,Nevins,Nibloe,nnibloe9@vistaprint.com,Non-binary,2022-06-02 10:44:02
11,Jermaine,Anglish,janglisha@google.fr,Female,2021-10-26 07:35:13
12,Ed,De Bischof,edebischofb@mediafire.com,Male,2021-11-23 13:01:20
13,Danika,Jacomb,djacombc@macromedia.com,Female,2022-09-16 02:03:08
14,Lanette,Durtnal,ldurtnald@google.de,Female,2021-10-20 20:40:40
15,Mureil,Blindermann,mblindermanne@time.com,Female,2022-05-18 19:55:42
16,Fanchon,Sweetman,fsweetmanf@accuweather.com,Female,2021-12-10 00:26:24
17,Cary,Draisey,cdraiseyg@1688.com,Female,2022-05-09 07:40:45
18,Ignacio,Wethered,iwetheredh@cisco.com,Bigender,2022-03-22 02:05:33
19,Allie,Pavlenko,apavlenkoi@pcworld.com,Female,2022-09-25 21:24:01
20,Myrwyn,Zellick,mzellickj@instagram.com,Bigender,2022-04-02 08:17:33
21,Aldus,Moulds,amouldsk@spotify.com,Male,2022-08-24 07:04:56
22,Clive,Davis,cdavisl@google.ca,Male,2022-04-18 17:43:40
23,Jedidiah,Killingworth,jkillingworthm@networksolutions.com,Male,2022-08-31 13:19:23
24,Farah,Gaunt,fgauntn@g.co,Bigender,2021-10-16 11:31:10
25,Jason,Klousner,jklousnero@wiley.com,Male,2021-11-10 07:26:42
26,Lorne,D'Andrea,ldandreap@wikimedia.org,Male,2022-05-27 16:45:26
27,Ofelia,Dewar,odewarq@sun.com,Female,2022-05-11 01:05:45
28,Kristel,Else,kelser@rediff.com,Female,2022-07-10 09:40:12
29,Andrew,Houldey,ahouldeys@pinterest.com,Male,2022-04-25 20:28:38
30,Perren,Youthead,pyoutheadt@friendfeed.com,Male,2022-08-09 03:54:24
31,Virgilio,Scroyton,vscroytonu@unc.edu,Male,2022-07-08 12:14:09
32,Giovanni,Vella,gvellav@biglobe.ne.jp,Male,2022-07-28 03:38:10
33,Dicky,Willder,dwillderw@scientificamerican.com,Male,2021-12-17 01:21:50
34,Archie,Thickett,athickettx@wunderground.com,Male,2022-09-19 06:42:57
35,Peg,Grady,pgradyy@cocolog-nifty.com,Genderfluid,2021-11-22 20:38:34
36,Merridie,Borham,mborhamz@amazon.co.jp,Female,2022-06-28 02:45:59
37,Nicolina,Restall,nrestall10@usda.gov,Female,2021-12-18 01:16:52
38,Andras,Bassom,abassom11@seesaa.net,Male,2022-04-26 12:15:37
39,Moshe,Childers,mchilders12@ucoz.ru,Male,2022-04-09 13:18:18
40,Bruce,Morrad,bmorrad13@meetup.com,Male,2022-05-27 08:08:16
41,Marlene,A'Barrow,mabarrow14@ocn.ne.jp,Genderfluid,2022-02-14 14:14:26
42,Aeriell,Kuhlen,akuhlen15@home.pl,Female,2021-10-09 08:04:01
43,Steffen,Pratte,spratte16@storify.com,Male,2022-08-17 15:21:17
44,Martguerita,Lalevee,mlalevee17@mozilla.org,Female,2022-08-29 19:21:17
45,Gloriana,Couldwell,gcouldwell18@cnet.com,Female,2022-02-07 01:03:24
46,Consalve,Spore,cspore19@ucla.edu,Male,2021-10-11 23:24:59
47,Corby,Barz,cbarz1a@wisc.edu,Bigender,2022-05-16 17:42:25
48,Henri,Maidens,hmaidens1b@instagram.com,Male,2022-04-05 01:41:45
49,Nickie,Brunton,nbrunton1c@bandcamp.com,Female,2022-02-03 21:21:01
50,Jaquelin,Cabrara,jcabrara1d@g.co,Female,2022-09-23 01:08:43
51,Waylon,Christer,wchrister1e@ucsd.edu,Male,2022-04-09 14:08:04
52,Pooh,McBlain,pmcblain1f@google.nl,Male,2022-08-08 21:02:47
53,Erma,Trowle,etrowle1g@home.pl,Female,2022-02-19 03:54:05
54,Berni,Trelease,btrelease1h@ucoz.com,Female,2021-10-27 18:13:49
55,Cart,Chadburn,cchadburn1i@washington.edu,Male,2022-03-06 03:32:42
56,Wallache,Gabotti,wgabotti1j@jimdo.com,Agender,2022-04-24 17:09:52
57,Donnajean,Edmans,dedmans1k@europa.eu,Female,2022-05-08 09:55:08
58,Grissel,Alabone,galabone1l@bravesites.com,Non-binary,2022-05-30 09:04:09
59,Olivero,Osipenko,oosipenko1m@narod.ru,Male,2022-06-25 05:41:12
60,Marnie,Letts,mletts1n@answers.com,Female,2021-10-12 18:55:22
61,Trumann,Eivers,teivers1o@narod.ru,Male,2022-04-11 06:53:59
62,Pamella,Holsey,pholsey1p@oakley.com,Female,2022-08-21 23:40:19
63,Lucian,Bane,lbane1q@gnu.org,Male,2022-09-11 00:08:43
64,Martyn,Klaesson,mklaesson1r@dell.com,Male,2021-11-23 14:08:03
65,Nealson,McGeraghty,nmcgeraghty1s@admin.ch,Male,2022-02-11 06:19:09
66,Win,Moody,wmoody1t@wired.com,Male,2022-02-21 19:33:57
67,Brittney,Puttock,bputtock1u@yellowpages.com,Female,2022-01-04 18:52:59
68,Fanchette,Pitkethly,fpitkethly1v@live.com,Agender,2022-02-03 08:20:35
69,Goldina,Delacourt,gdelacourt1w@miitbeian.gov.cn,Female,2022-10-02 02:35:41
70,Pauletta,Heimann,pheimann1x@myspace.com,Female,2021-10-28 04:24:11
71,Nikita,Caccavella,ncaccavella1y@youtube.com,Male,2021-12-15 07:57:06
72,Ezekiel,Goare,egoare1z@themeforest.net,Male,2022-05-08 14:46:07
73,Ber,Checchetelli,bchecchetelli20@boston.com,Male,2021-10-26 16:20:36
74,Rory,Chessor,rchessor21@nydailynews.com,Female,2022-05-30 13:19:14
75,Joseph,Gorges,jgorges22@time.com,Male,2021-11-20 11:28:52
76,Irene,Lewtey,ilewtey23@free.fr,Female,2022-04-27 17:21:01
77,Gottfried,Kupec,gkupec24@nationalgeographic.com,Male,2022-03-31 09:09:45
78,Efrem,Czadla,eczadla25@geocities.com,Male,2021-12-25 23:54:02
79,Camella,Eringey,ceringey26@techcrunch.com,Female,2021-10-29 09:25:37
80,Hillie,Godding,hgodding27@cam.ac.uk,Male,2022-08-09 15:06:02
81,Prudence,Di Bernardo,pdibernardo28@chicagotribune.com,Female,2022-03-09 19:33:20
82,Arlena,Meert,ameert29@boston.com,Female,2022-03-30 21:40:56
83,Kristina,Worster,kworster2a@amazon.de,Female,2022-09-04 12:43:07
84,Gwenore,Johncey,gjohncey2b@youtu.be,Female,2022-09-22 16:04:59
85,Liza,Jurisch,ljurisch2c@umn.edu,Female,2022-07-20 05:33:42
86,Jerrold,Tredinnick,jtredinnick2d@biglobe.ne.jp,Male,2022-08-26 08:36:58
87,Hardy,Jupe,hjupe2e@naver.com,Male,2022-08-13 01:51:54
88,Delia,Laterza,dlaterza2f@wikipedia.org,Female,2022-01-16 04:42:12
89,Hanni,Morse,hmorse2g@sun.com,Female,2022-05-09 18:19:53
90,Abel,Rikel,arikel2h@epa.gov,Male,2022-09-01 01:58:08
91,Cassi,Addicott,caddicott2i@nih.gov,Female,2022-09-15 02:49:36
92,Stanford,Petzolt,spetzolt2j@yolasite.com,Male,2021-11-09 03:44:03
93,Cull,Sargood,csargood2k@nasa.gov,Non-binary,2022-09-10 12:04:28
94,Ambrose,Milverton,amilverton2l@csmonitor.com,Male,2021-12-19 06:35:56
95,Chrotoem,Fowles,cfowles2m@people.com.cn,Male,2021-10-21 21:40:13
96,Fonzie,Feltham,ffeltham2n@ted.com,Male,2022-03-11 16:27:02
97,Mab,Thurnham,mthurnham2o@digg.com,Female,2022-09-17 06:11:42
98,Harrietta,Fanstone,hfanstone2p@mapquest.com,Female,2021-12-10 00:59:50
99,Martelle,Ramas,mramas2q@fema.gov,Female,2022-05-12 11:12:00
100,Bentlee,Camoys,bcamoys2r@a8.net,Male,2022-05-22 02:41:47
101,Beaufort,Benedyktowicz,bbenedyktowicz2s@hud.gov,Male,2022-08-06 21:21:24
102,Aldrich,Ferie,aferie2t@vinaora.com,Male,2022-02-07 01:38:05
103,Urbanus,Morecombe,umorecombe2u@joomla.org,Male,2021-12-03 08:50:23
104,Steffie,Gretton,sgretton2v@toplist.cz,Female,2022-07-26 20:48:20
105,Ailis,Lavin,alavin2w@home.pl,Female,2022-08-10 06:01:54
106,Dominique,Aldwich,daldwich2x@ihg.com,Male,2022-09-14 04:44:11
107,Garfield,MacGilpatrick,gmacgilpatrick2y@flickr.com,Male,2022-02-11 20:04:14
108,Doyle,Ginner,dginner2z@npr.org,Male,2021-12-03 07:52:02
109,Gannon,Tuberfield,gtuberfield30@desdev.cn,Male,2022-07-03 03:16:50
110,Zebadiah,Trumpeter,ztrumpeter31@barnesandnoble.com,Male,2022-02-14 19:30:24
111,Osmund,Trotman,otrotman32@163.com,Male,2022-01-26 04:33:22
112,Noell,Tremain,ntremain33@dot.gov,Female,2022-06-02 23:43:17
113,Patrice,Rosson,prosson34@imageshack.us,Non-binary,2022-08-17 21:31:17
114,Town,Siemon,tsiemon35@360.cn,Male,2022-05-31 01:01:42
115,Thaddus,Pelman,tpelman36@purevolume.com,Male,2022-03-07 08:48:49
116,Benoite,Darey,bdarey37@eepurl.com,Female,2022-06-01 07:09:07
117,Marysa,Dudmarsh,mdudmarsh38@gmpg.org,Female,2022-06-23 10:53:15
118,Louisa,Thirst,lthirst39@discuz.net,Female,2022-07-26 01:29:02
119,Chantal,Ivashechkin,civashechkin3a@bloglovin.com,Female,2022-06-18 13:47:32
120,Harmonie,Pomphrett,hpomphrett3b@linkedin.com,Bigender,2022-09-07 18:28:39
121,Bendix,Gingell,bgingell3c@toplist.cz,Male,2022-07-15 23:37:38
122,Bettine,des Remedios,bdesremedios3d@berkeley.edu,Female,2022-01-03 16:02:42
123,Dolli,Eighteen,deighteen3e@furl.net,Female,2022-07-03 19:30:17
124,Gwynne,Webborn,gwebborn3f@biblegateway.com,Female,2022-01-09 01:49:50
125,Torrie,Eyes,teyes3g@cbslocal.com,Female,2022-02-12 19:37:25
126,Donica,Muslim,dmuslim3h@apple.com,Female,2022-08-14 17:21:39
127,Sherilyn,Houlston,shoulston3i@economist.com,Female,2022-02-19 11:52:50
128,Amalee,Janku,ajanku3j@freewebs.com,Female,2022-08-05 05:12:08
129,Bellanca,Penhaleurack,bpenhaleurack3k@nsw.gov.au,Female,2021-12-24 11:44:52
130,Silas,Monkton,smonkton3l@fastcompany.com,Male,2022-10-04 10:47:29
131,Rourke,McCandless,rmccandless3m@arizona.edu,Male,2022-09-23 23:08:20
132,Derwin,McKillop,dmckillop3n@yahoo.com,Male,2021-12-17 01:09:12
133,Anett,Durnford,adurnford3o@dmoz.org,Female,2022-09-04 06:16:30
134,Mirabella,Lune,mlune3p@angelfire.com,Female,2021-12-05 04:51:06
135,Dael,Houlworth,dhoulworth3q@oakley.com,Male,2021-10-26 05:52:57
136,Blanche,Biaggelli,bbiaggelli3r@canalblog.com,Female,2022-02-04 09:41:49
137,Ludwig,Joist,ljoist3s@shop-pro.jp,Genderfluid,2022-03-28 08:31:42
138,Dacy,Lawn,dlawn3t@slate.com,Female,2021-10-30 11:21:34
139,Lothario,Spelman,lspelman3u@networkadvertising.org,Male,2022-01-25 08:18:39
140,Thurston,Gutowski,tgutowski3v@addtoany.com,Male,2021-10-23 04:14:08
141,Mady,Theseira,mtheseira3w@eepurl.com,Non-binary,2022-05-20 02:55:07
142,Sande,Morrish,smorrish3x@imgur.com,Female,2022-06-01 07:50:10
143,Micheil,Snazle,msnazle3y@nps.gov,Male,2022-08-16 02:12:00
144,Goddart,Kurt,gkurt3z@usda.gov,Male,2021-11-12 20:38:16
145,Lorette,Chalkly,lchalkly40@godaddy.com,Female,2022-09-21 03:12:37
146,Elnore,Alam,ealam41@jugem.jp,Bigender,2022-04-17 14:34:27
147,Brenna,Easen,beasen42@stanford.edu,Female,2021-12-19 07:39:53
148,Pollyanna,Lilbourne,plilbourne43@delicious.com,Bigender,2022-09-10 01:17:35
149,Marin,Geroldini,mgeroldini44@1688.com,Female,2022-04-15 06:45:22
150,Rouvin,Braithwaite,rbraithwaite45@miitbeian.gov.cn,Male,2022-03-23 10:36:42
151,Bertie,Pevsner,bpevsner46@furl.net,Female,2022-07-14 10:06:33
152,Veronica,Adnams,vadnams47@blogger.com,Female,2022-01-11 10:33:48
153,Tracey,Beretta,tberetta48@reverbnation.com,Female,2022-08-27 00:10:45
154,Victoria,Moyler,vmoyler49@privacy.gov.au,Female,2022-03-31 17:36:32
155,Irena,Goult,igoult4a@jiathis.com,Female,2021-10-14 06:33:08
156,Elmer,Allbon,eallbon4b@indiatimes.com,Male,2022-03-15 00:00:49
157,Lammond,Haps,lhaps4c@domainmarket.com,Non-binary,2021-11-22 03:50:02
158,Charity,Poundford,cpoundford4d@elpais.com,Female,2022-09-15 20:39:52
159,Pearline,Jewar,pjewar4e@archive.org,Female,2022-07-23 00:05:08
160,Jerad,Vondrys,jvondrys4f@shutterfly.com,Male,2022-06-30 21:17:43
161,Rozelle,Godmer,rgodmer4g@uiuc.edu,Female,2022-04-30 09:42:47
162,Denys,Borthe,dborthe4h@xinhuanet.com,Female,2022-04-11 03:48:32
163,Susanne,Bielfelt,sbielfelt4i@prlog.org,Female,2022-03-03 13:56:04
164,Westbrooke,Hardware,whardware4j@senate.gov,Male,2021-11-15 02:46:30
165,Stirling,Bricham,sbricham4k@a8.net,Male,2022-03-02 22:59:19
166,Blinnie,Slaight,bslaight4l@bizjournals.com,Female,2022-06-28 01:25:00
167,Anestassia,Tennet,atennet4m@who.int,Female,2022-09-19 21:28:56
168,Gavra,Keller,gkeller4n@usnews.com,Female,2021-12-02 11:33:53
169,Leonid,Heap,lheap4o@time.com,Male,2022-04-24 20:56:02
170,Cesare,Kristoffersen,ckristoffersen4p@msu.edu,Male,2022-03-12 05:44:48
171,Edith,Matzel,ematzel4q@sina.com.cn,Female,2022-05-28 04:14:07
172,Myrvyn,Standfield,mstandfield4r@auda.org.au,Male,2022-05-26 10:02:43
173,Tracey,Wrench,twrench4s@ow.ly,Male,2022-06-14 17:46:10
174,Seth,De Giorgis,sdegiorgis4t@webeden.co.uk,Male,2022-01-18 15:19:13
175,Shirline,Duly,sduly4u@sina.com.cn,Female,2022-03-17 10:44:15
176,Rockwell,Vennings,rvennings4v@eepurl.com,Male,2022-07-14 10:03:07
177,Callean,McKeurton,cmckeurton4w@360.cn,Male,2022-09-27 17:19:07
178,Aveline,Buckeridge,abuckeridge4x@netscape.com,Female,2022-05-25 22:26:59
179,Karlie,Riggeard,kriggeard4y@pagesperso-orange.fr,Female,2022-07-16 11:26:13
180,Cathe,Raspel,craspel4z@trellian.com,Female,2022-09-26 23:56:21
181,Nanice,Stride,nstride50@census.gov,Agender,2021-11-27 15:35:46
182,Franklyn,Podd,fpodd51@nyu.edu,Male,2022-07-31 06:20:52
183,Ardisj,Munkley,amunkley52@angelfire.com,Female,2022-06-17 20:18:51
184,Kylynn,Kennerley,kkennerley53@elegantthemes.com,Female,2022-01-11 10:18:12
185,Egor,Padell,epadell54@angelfire.com,Male,2022-08-14 19:58:27
186,Gwenora,Pobjoy,gpobjoy55@blogger.com,Female,2021-10-29 23:25:52
187,Obidiah,Lanchberry,olanchberry56@yahoo.co.jp,Male,2022-06-10 11:32:18
188,Phebe,Driffield,pdriffield57@squarespace.com,Female,2022-05-06 03:56:45
189,Dev,Kybert,dkybert58@sciencedaily.com,Male,2022-08-13 23:51:45
190,Gaylor,Edwinson,gedwinson59@barnesandnoble.com,Male,2021-12-08 03:22:31
191,Griffith,Harlin,gharlin5a@wikipedia.org,Male,2022-02-10 21:54:33
192,Modestine,Dickinson,mdickinson5b@skyrock.com,Female,2022-06-02 15:39:59
193,Merv,Delmage,mdelmage5c@biblegateway.com,Male,2021-11-22 11:51:20
194,Lisette,McCarrison,lmccarrison5d@dailymail.co.uk,Female,2022-09-10 00:56:01
195,Emera,Terron,eterron5e@accuweather.com,Female,2022-09-03 03:43:13
196,Miquela,McColgan,mmccolgan5f@over-blog.com,Female,2021-11-28 21:12:03
197,Vail,Burniston,vburniston5g@cnn.com,Male,2022-02-10 12:36:35
198,Liam,Martin,lmartin5h@mysql.com,Male,2022-01-02 14:36:28
199,Kit,McPhilip,kmcphilip5i@aol.com,Male,2021-12-07 10:11:32
200,Marleah,McGaraghan,mmcgaraghan5j@dion.ne.jp,Female,2022-05-19 17:44:06
201,Valencia,Stockau,vstockau5k@cnbc.com,Female,2022-02-15 18:00:22
202,Vin,Peasegood,vpeasegood5l@intel.com,Male,2021-10-18 02:49:25
203,Rivalee,Victoria,rvictoria5m@wordpress.org,Female,2022-01-10 05:44:22
204,Della,Bass,dbass5n@parallels.com,Female,2021-10-22 12:36:47
205,Raychel,Meecher,rmeecher5o@dyndns.org,Female,2022-04-14 12:03:22
206,Pryce,Glasby,pglasby5p@marriott.com,Male,2021-11-20 02:46:14
207,Amery,Harmston,aharmston5q@java.com,Male,2022-06-19 05:01:49
208,Pen,Humpatch,phumpatch5r@hugedomains.com,Male,2022-01-17 04:37:38
209,Myca,Lindenberg,mlindenberg5s@boston.com,Male,2022-01-23 02:47:20
210,Steffen,Giannoni,sgiannoni5t@utexas.edu,Male,2022-01-04 23:18:08
211,Bax,Jennaway,bjennaway5u@samsung.com,Male,2021-10-14 03:00:24
212,Jade,Vesque,jvesque5v@wunderground.com,Female,2022-05-23 13:20:56
213,Cortie,Destouche,cdestouche5w@abc.net.au,Genderfluid,2022-04-10 05:09:56
214,Pacorro,Chaffey,pchaffey5x@gravatar.com,Male,2022-02-27 00:35:20
215,Herculie,Denziloe,hdenziloe5y@mlb.com,Male,2022-09-15 11:26:21
216,Trude,Quelch,tquelch5z@mail.ru,Female,2022-02-09 11:04:26
217,Hillier,Gammill,hgammill60@oaic.gov.au,Male,2021-11-18 00:36:20
218,Alvy,Scarsbrook,ascarsbrook61@ebay.com,Male,2022-01-07 20:55:40
219,Shermie,Mc-Kerley,smckerley62@slate.com,Male,2022-09-16 18:34:56
220,Lorinda,Maloney,lmaloney63@ehow.com,Female,2022-07-14 21:52:58
221,Hendrick,Warham,hwarham64@businessinsider.com,Male,2022-01-30 14:59:37
222,Deloris,Branche,dbranche65@creativecommons.org,Female,2022-01-17 08:15:28
223,Bobbi,Cush,bcush66@infoseek.co.jp,Female,2022-03-23 08:40:54
224,Zonnya,Mattis,zmattis67@devhub.com,Female,2022-08-04 00:59:04
225,Vito,Gaudin,vgaudin68@bloomberg.com,Male,2022-06-09 16:01:19
226,Toby,Scriver,tscriver69@japanpost.jp,Female,2022-09-22 18:26:48
227,Julita,Richmond,jrichmond6a@dot.gov,Bigender,2022-05-11 10:12:08
228,Arron,Earry,aearry6b@utexas.edu,Male,2021-12-17 13:20:29
229,Laney,Georgeson,lgeorgeson6c@cbsnews.com,Male,2021-12-23 09:51:42
230,Lauritz,Scotchforth,lscotchforth6d@sourceforge.net,Male,2022-05-03 12:09:41
231,Carney,Clemes,cclemes6e@boston.com,Male,2022-08-19 14:26:37
232,Sheilah,Lepick,slepick6f@lycos.com,Female,2022-06-14 20:23:59
233,Thomasine,Blamphin,tblamphin6g@smugmug.com,Female,2022-09-15 04:42:13
234,Neile,Pardon,npardon6h@last.fm,Female,2022-01-24 09:01:05
235,Teador,O'Halleghane,tohalleghane6i@flickr.com,Male,2022-07-19 10:00:03
236,Jacob,Jennison,jjennison6j@newyorker.com,Male,2022-02-05 01:01:30
237,Wadsworth,Signori,wsignori6k@disqus.com,Male,2022-04-11 02:19:17
238,Clare,Maides,cmaides6l@51.la,Female,2022-06-17 06:12:06
239,Cyndia,Bachura,cbachura6m@yellowbook.com,Female,2022-05-12 16:53:20
240,Lucius,Gormally,lgormally6n@mapy.cz,Male,2022-04-18 00:03:09
241,Claudina,Lambillion,clambillion6o@google.nl,Female,2022-06-07 07:36:49
242,Amandy,Baynom,abaynom6p@wordpress.org,Female,2022-02-20 20:08:24
243,Tito,Stoneham,tstoneham6q@livejournal.com,Male,2021-10-12 16:19:40
244,Jerome,Riggeard,jriggeard6r@webnode.com,Polygender,2022-09-28 19:08:02
245,Theodosia,Itscovitz,titscovitz6s@abc.net.au,Female,2022-10-01 14:35:56
246,Alvin,Keetley,akeetley6t@huffingtonpost.com,Male,2022-03-17 05:11:10
247,Hobard,Smaleman,hsmaleman6u@cdbaby.com,Male,2022-03-18 13:03:32
248,Emmit,Tarburn,etarburn6v@last.fm,Polygender,2022-02-10 01:05:46
249,Sidoney,Poyser,spoyser6w@phoca.cz,Female,2021-10-22 15:18:28
250,Salvatore,Pringell,springell6x@house.gov,Male,2021-11-06 13:31:51
251,Woody,Courcey,wcourcey6y@accuweather.com,Male,2021-10-26 18:28:00
252,Fenelia,Pitblado,fpitblado6z@163.com,Female,2022-04-24 05:22:29
253,Hayes,Alner,halner70@foxnews.com,Male,2022-05-21 05:58:34
254,Alex,Brosenius,abrosenius71@hatena.ne.jp,Male,2022-08-12 02:42:19
255,Roxanne,Rotter,rrotter72@people.com.cn,Female,2022-07-23 07:26:57
256,Traver,Cowell,tcowell73@etsy.com,Male,2021-11-25 02:36:30
257,Shurwood,Bairstow,sbairstow74@toplist.cz,Male,2022-07-26 03:10:15
258,Aleta,Pellett,apellett75@abc.net.au,Female,2022-02-19 10:03:32
259,Mellicent,Bigland,mbigland76@hud.gov,Female,2021-11-19 18:21:59
260,Rafa,Knightley,rknightley77@tmall.com,Female,2022-08-14 20:13:42
261,Marian,Alpine,malpine78@purevolume.com,Female,2022-06-19 17:29:25
262,Tabby,Garrett,tgarrett79@joomla.org,Male,2022-03-12 05:43:53
263,Violante,Walliker,vwalliker7a@state.gov,Female,2021-11-10 16:51:13
264,Lilla,Brand-Hardy,lbrandhardy7b@state.gov,Female,2022-05-18 00:09:38
265,Shanie,Toft,stoft7c@ycombinator.com,Female,2022-02-13 21:23:17
266,Jayme,Bassill,jbassill7d@sun.com,Female,2022-02-02 02:54:44
267,Ode,Cratere,ocratere7e@github.com,Male,2022-08-29 13:46:13
268,Blondie,Mahmood,bmahmood7f@artisteer.com,Female,2022-04-02 13:46:06
269,Shanan,Water,swater7g@mediafire.com,Male,2022-03-21 00:16:13
270,Corrinne,Gaye,cgaye7h@cam.ac.uk,Female,2022-09-29 01:05:14
271,Kristofor,Goslin,kgoslin7i@sohu.com,Polygender,2022-08-08 16:23:19
272,Christoper,Abelovitz,cabelovitz7j@issuu.com,Male,2022-08-07 02:34:31
273,Ferguson,Gullefant,fgullefant7k@ow.ly,Non-binary,2022-01-04 23:34:00
274,Stormy,Willan,swillan7l@photobucket.com,Female,2021-12-07 10:33:34
275,Eleanore,Ramble,eramble7m@cloudflare.com,Female,2022-01-26 06:53:15
276,Lia,Eliet,leliet7n@ycombinator.com,Female,2022-08-10 06:14:49
277,Beatriz,Gyrgorwicx,bgyrgorwicx7o@google.it,Female,2022-04-25 21:49:35
278,Marlyn,Prescote,mprescote7p@vimeo.com,Female,2021-10-16 11:00:52
279,Henriette,Saffrin,hsaffrin7q@ucsd.edu,Female,2021-10-23 16:18:37
280,Kylynn,Menco,kmenco7r@cpanel.net,Female,2022-08-31 18:26:55
281,Aldus,Burnham,aburnham7s@surveymonkey.com,Male,2022-08-04 20:28:16
282,Ingar,Vasilechko,ivasilechko7t@ucoz.ru,Male,2022-08-30 23:10:18
283,Abigale,Ciccone,aciccone7u@elegantthemes.com,Female,2022-07-25 07:42:11
284,Any,O'Connolly,aoconnolly7v@google.com,Male,2021-10-06 13:07:33
285,Dean,Featonby,dfeatonby7w@technorati.com,Male,2022-01-19 07:09:59
286,Alfie,Wegman,awegman7x@bbc.co.uk,Agender,2021-11-25 17:56:55
287,Davon,Leschelle,dleschelle7y@irs.gov,Male,2022-05-12 18:34:45
288,Eloisa,Innocent,einnocent7z@printfriendly.com,Female,2022-08-25 19:46:38
289,Electra,Elms,eelms80@home.pl,Female,2022-02-26 07:40:58
290,Grove,Petrou,gpetrou81@paypal.com,Male,2022-08-20 14:38:04
291,Devin,Brandon,dbrandon82@storify.com,Female,2022-06-07 23:43:34
292,Reinhold,Soar,rsoar83@fotki.com,Male,2022-07-05 14:45:09
293,Rudd,Iacivelli,riacivelli84@bluehost.com,Male,2022-03-02 13:55:45
294,Marc,Coghill,mcoghill85@ocn.ne.jp,Male,2021-12-25 16:56:33
295,Elliott,Corbishley,ecorbishley86@prlog.org,Male,2021-10-31 09:08:54
296,Mireille,Elsegood,melsegood87@yale.edu,Female,2022-02-20 20:31:22
297,Halie,Andrin,handrin88@angelfire.com,Female,2021-10-17 23:46:03
298,Olenolin,Spacie,ospacie89@amazon.de,Male,2022-08-02 07:43:56
299,Cherlyn,Chitham,cchitham8a@google.ca,Female,2022-02-06 01:10:58
300,Cyril,Blaszczynski,cblaszczynski8b@networkadvertising.org,Male,2022-04-26 12:46:42
301,Bennett,Renon,brenon8c@w3.org,Male,2022-07-16 23:22:41
302,Clarisse,Sidry,csidry8d@google.es,Polygender,2022-02-19 14:12:06
303,Vinson,Stodd,vstodd8e@epa.gov,Male,2021-11-19 22:18:21
304,Kerry,Vivash,kvivash8f@admin.ch,Female,2021-12-03 11:13:36
305,Tulley,Aberchirder,taberchirder8g@google.fr,Male,2022-03-18 00:52:42
306,Garreth,Impey,gimpey8h@cornell.edu,Male,2022-06-13 02:05:46
307,Dorri,Clover,dclover8i@arizona.edu,Female,2022-07-25 10:49:13
308,Winston,Hepher,whepher8j@ocn.ne.jp,Male,2022-05-08 13:21:29
309,Merrel,Lindberg,mlindberg8k@slashdot.org,Male,2022-07-02 09:54:09
310,Jillane,Meldrum,jmeldrum8l@plala.or.jp,Female,2022-03-05 08:29:10
311,Eli,Dudny,edudny8m@miitbeian.gov.cn,Male,2022-04-14 19:59:14
312,Des,Bonwick,dbonwick8n@amazon.com,Male,2022-02-15 06:01:08
313,Minette,McGill,mmcgill8o@deviantart.com,Female,2022-04-17 22:49:15
314,Therese,Squibe,tsquibe8p@deviantart.com,Female,2021-11-21 20:41:51
315,Ron,Matic,rmatic8q@cmu.edu,Male,2021-12-12 11:11:17
316,Rutter,Bentjens,rbentjens8r@statcounter.com,Bigender,2021-12-22 04:21:58
317,Yevette,Longfut,ylongfut8s@gov.uk,Female,2022-06-02 02:50:34
318,Karna,Becker,kbecker8t@google.cn,Female,2022-02-06 04:03:46
319,Wayne,Ventura,wventura8u@discuz.net,Genderqueer,2022-02-19 06:20:59
320,Jolyn,Sparsholt,jsparsholt8v@ihg.com,Female,2022-02-02 14:27:47
321,Peterus,McGuire,pmcguire8w@twitpic.com,Male,2021-11-17 04:03:18
322,Ladonna,Olivello,lolivello8x@i2i.jp,Female,2022-08-19 08:16:54
323,Micheal,Toman,mtoman8y@globo.com,Male,2022-04-09 22:18:43
324,Hammad,Braiden,hbraiden8z@slate.com,Male,2022-07-17 22:27:11
325,Erma,Husbands,ehusbands90@istockphoto.com,Female,2022-07-05 07:26:26
326,Elysee,Lobell,elobell91@webmd.com,Female,2022-04-26 10:06:26
327,Wallace,Swatland,wswatland92@reddit.com,Male,2022-07-19 14:18:01
328,Dwain,Gilpillan,dgilpillan93@lycos.com,Male,2021-12-04 00:43:50
329,Dorree,Ryley,dryley94@seesaa.net,Female,2022-08-01 17:42:51
330,Shanie,Vennart,svennart95@xinhuanet.com,Female,2022-04-13 04:13:39
331,Grady,Simko,gsimko96@spotify.com,Male,2022-02-17 02:34:56
332,Niko,Saward,nsaward97@wiley.com,Male,2022-06-14 14:37:51
333,Sigrid,Myner,smyner98@furl.net,Female,2022-01-30 16:29:32
334,Fawne,Martt,fmartt99@nature.com,Female,2022-03-06 13:15:16
335,Nataniel,Kehoe,nkehoe9a@meetup.com,Male,2022-05-15 04:40:12
336,Debee,Askell,daskell9b@google.co.uk,Female,2022-07-01 07:50:01
337,Lizzie,Blondelle,lblondelle9c@nationalgeographic.com,Female,2022-03-30 02:23:53
338,Abbott,Blakiston,ablakiston9d@europa.eu,Male,2022-09-07 05:08:16
339,Kathryne,Dobbins,kdobbins9e@google.it,Female,2021-12-17 05:02:05
340,Hadlee,Butcher,hbutcher9f@harvard.edu,Male,2021-10-28 03:04:04
341,Courtnay,Burgill,cburgill9g@whitehouse.gov,Male,2022-03-21 07:54:30
342,Maritsa,Boskell,mboskell9h@yandex.ru,Female,2022-08-15 21:07:49
343,Guillaume,Dishman,gdishman9i@domainmarket.com,Male,2022-06-07 08:05:15
344,Dari,Caught,dcaught9j@narod.ru,Female,2022-04-12 00:16:18
345,Meggy,Dugan,mdugan9k@cocolog-nifty.com,Female,2022-03-14 12:31:02
346,Sidney,Smillie,ssmillie9l@soundcloud.com,Male,2021-10-15 16:30:04
347,Stu,Abdy,sabdy9m@paginegialle.it,Male,2022-06-26 14:13:42
348,Kleon,D'Ambrosi,kdambrosi9n@technorati.com,Male,2022-08-05 16:03:32
349,Rickie,Le Gallo,rlegallo9o@eepurl.com,Male,2022-02-26 12:09:56
350,Constantin,Novkovic,cnovkovic9p@who.int,Male,2022-07-28 05:08:23
351,Melli,Malden,mmalden9q@xrea.com,Female,2021-12-04 10:44:38
352,Elihu,Radbone,eradbone9r@moonfruit.com,Male,2021-12-01 19:40:19
353,Mozes,Abercrombie,mabercrombie9s@sun.com,Male,2022-07-29 16:25:25
354,Beverley,Beaney,bbeaney9t@illinois.edu,Female,2022-03-21 07:26:41
355,Bourke,Ortiga,bortiga9u@zimbio.com,Male,2021-10-18 09:38:56
356,Stuart,Jachimczak,sjachimczak9v@bigcartel.com,Male,2022-09-21 15:46:29
357,Susi,Edgett,sedgett9w@ifeng.com,Non-binary,2022-07-18 06:21:13
358,Christophorus,Plummer,cplummer9x@reverbnation.com,Male,2022-02-07 06:35:04
359,Rik,Drackford,rdrackford9y@imageshack.us,Male,2022-01-04 07:22:58
360,Wolf,Pawelec,wpawelec9z@weather.com,Male,2022-01-10 11:11:46
361,Georgetta,Thredder,gthreddera0@dell.com,Female,2022-07-25 11:36:48
362,Liva,Huxstep,lhuxstepa1@cbc.ca,Female,2021-12-24 20:54:40
363,Andreas,Arkill,aarkilla2@uol.com.br,Male,2022-05-11 03:11:21
364,Ravid,Legendre,rlegendrea3@loc.gov,Male,2022-01-23 08:59:08
365,Judd,Graysmark,jgraysmarka4@edublogs.org,Male,2022-06-08 22:06:37
366,Daisy,Baake,dbaakea5@51.la,Female,2022-09-09 15:29:01
367,Emmalynne,Wasling,ewaslinga6@booking.com,Bigender,2022-08-25 19:47:16
368,Bone,Fesby,bfesbya7@europa.eu,Male,2022-04-07 13:50:19
369,Odo,Drewett,odrewetta8@nyu.edu,Genderqueer,2022-07-15 08:07:13
370,Beaufort,Cason,bcasona9@google.ca,Male,2022-02-01 14:44:24
371,Jorey,Houldin,jhouldinaa@usnews.com,Female,2022-03-21 11:36:56
372,Ronny,Ledwitch,rledwitchab@cargocollective.com,Male,2021-11-18 14:51:00
373,Fayth,Vaadeland,fvaadelandac@webmd.com,Agender,2021-10-09 15:19:42
374,Shanon,Brooksby,sbrooksbyad@nih.gov,Female,2021-12-07 18:43:25
375,Lucias,Bangley,lbangleyae@aboutads.info,Polygender,2022-08-09 10:07:35
376,Jacinthe,Edgcumbe,jedgcumbeaf@cargocollective.com,Genderfluid,2022-04-30 07:26:40
377,Emmey,Oakshott,eoakshottag@discovery.com,Female,2022-07-29 03:41:37
378,Waldon,Lauga,wlaugaah@addthis.com,Male,2021-12-19 16:55:40
379,Casar,Epsley,cepsleyai@ft.com,Male,2022-03-05 22:29:48
380,Midge,Elliott,melliottaj@unesco.org,Female,2022-09-17 01:37:42
381,Hobie,Dewi,hdewiak@topsy.com,Male,2021-11-15 23:15:41
382,Devland,Aldridge,daldridgeal@whitehouse.gov,Male,2022-08-14 19:10:03
383,Tersina,MacCrachen,tmaccrachenam@scribd.com,Female,2021-12-08 13:16:55
384,Felice,Patinkin,fpatinkinan@ucla.edu,Male,2021-12-12 21:14:58
385,Stacia,Dawber,sdawberao@newsvine.com,Female,2021-10-12 09:01:39
386,Sharlene,Instock,sinstockap@lulu.com,Female,2022-09-27 03:30:36
387,Priscella,Elkington,pelkingtonaq@webnode.com,Female,2022-04-08 07:27:04
388,Findley,Kacheler,fkachelerar@technorati.com,Male,2021-11-06 15:39:13
389,Gayelord,Ezzy,gezzyas@livejournal.com,Male,2021-11-17 00:35:55
390,Evelina,Geeritz,egeeritzat@quantcast.com,Genderqueer,2022-08-30 05:29:22
391,Sharon,Naisbitt,snaisbittau@dedecms.com,Female,2022-01-09 12:05:24
392,Mommy,Jurca,mjurcaav@com.com,Bigender,2022-06-25 03:44:37
393,Ellary,Addy,eaddyaw@ovh.net,Polygender,2022-02-21 14:22:01
394,Nat,Newe,nneweax@vk.com,Male,2022-09-03 00:05:51
395,Lester,Stamper,lstamperay@umn.edu,Male,2022-07-13 22:37:03
396,Ripley,O'Griffin,rogriffinaz@nymag.com,Male,2022-06-02 02:39:33
397,Land,Driscoll,ldriscollb0@twitter.com,Male,2022-04-06 05:21:21
398,Corney,Newlands,cnewlandsb1@php.net,Male,2022-07-01 19:02:42
399,Patin,William,pwilliamb2@tamu.edu,Male,2022-06-12 20:29:50
400,Lulita,Egerton,legertonb3@cafepress.com,Female,2022-01-23 04:37:55
401,Antonin,Greaser,agreaserb4@istockphoto.com,Male,2022-06-12 15:55:57
402,Sunny,Ackrill,sackrillb5@statcounter.com,Female,2022-05-02 00:39:17
403,Ashton,Lesly,aleslyb6@jiathis.com,Male,2022-02-02 14:38:26
404,Eachelle,Khomin,ekhominb7@miibeian.gov.cn,Non-binary,2022-06-12 23:32:54
405,Sissie,Tomaselli,stomasellib8@hibu.com,Female,2022-06-11 02:31:12
406,Zedekiah,Seabon,zseabonb9@dell.com,Male,2022-09-30 16:41:31
407,Veronika,Haggus,vhaggusba@sphinn.com,Female,2022-06-19 15:56:39
408,Drud,Lightman,dlightmanbb@privacy.gov.au,Male,2021-12-26 12:03:27
409,Brok,Ortes,bortesbc@usnews.com,Male,2022-02-24 04:51:14
410,Sloane,Trudgion,strudgionbd@example.com,Male,2022-09-26 18:19:05
411,Ancell,Vivash,avivashbe@g.co,Male,2022-05-15 09:41:16
412,Gayla,Deetch,gdeetchbf@baidu.com,Female,2022-03-30 13:50:39
413,Leonie,Boshers,lboshersbg@howstuffworks.com,Female,2022-07-21 18:31:55
414,Fabiano,Le Provest,fleprovestbh@123-reg.co.uk,Male,2021-11-05 22:30:37
415,Rafaello,Ettritch,rettritchbi@tripadvisor.com,Male,2022-07-11 07:53:21
416,Israel,Crighton,icrightonbj@reverbnation.com,Male,2022-03-05 07:30:26
417,Fletcher,Bernhardsson,fbernhardssonbk@wired.com,Male,2022-01-18 07:41:49
418,Berti,Gatlin,bgatlinbl@mayoclinic.com,Female,2022-03-13 16:19:19
419,Vernon,Letford,vletfordbm@spotify.com,Male,2022-05-11 05:51:35
420,Edd,Vakhrushin,evakhrushinbn@google.com.br,Male,2022-05-20 07:48:38
421,Adrian,Haville,ahavillebo@bluehost.com,Male,2022-04-13 13:25:44
422,Rhonda,Hanlon,rhanlonbp@yale.edu,Female,2022-01-05 00:48:14
423,Ernestus,McKibben,emckibbenbq@nsw.gov.au,Male,2022-04-05 21:12:10
424,Nike,Banaszkiewicz,nbanaszkiewiczbr@cornell.edu,Female,2022-01-11 16:43:57
425,Lorita,Hallsworth,lhallsworthbs@ycombinator.com,Female,2021-11-26 19:09:30
426,Raphael,Connick,rconnickbt@storify.com,Male,2022-08-26 06:50:02
427,Vanya,Frossell,vfrossellbu@google.nl,Male,2022-04-07 20:36:57
428,Bobbe,Sinfield,bsinfieldbv@loc.gov,Female,2021-10-06 21:17:07
429,Dermot,Mabee,dmabeebw@indiatimes.com,Male,2022-08-14 14:06:44
430,Whit,Hair,whairbx@noaa.gov,Male,2022-05-25 23:59:36
431,Fabe,McTavy,fmctavyby@cbsnews.com,Polygender,2022-05-03 19:08:59
432,Kerri,Martinie,kmartiniebz@cnn.com,Female,2022-08-03 10:07:41
433,Stevie,Blazek,sblazekc0@zdnet.com,Male,2021-12-10 02:08:45
434,Hans,O'Driscoll,hodriscollc1@thetimes.co.uk,Male,2021-11-11 07:57:52
435,Albert,Gasquoine,agasquoinec2@mtv.com,Male,2022-06-30 12:03:54
436,Rebeca,Dixcey,rdixceyc3@whitehouse.gov,Female,2022-09-20 21:54:00
437,Stu,Linturn,slinturnc4@tumblr.com,Male,2022-01-09 17:52:00
438,Juana,Kiddye,jkiddyec5@photobucket.com,Female,2022-08-10 03:42:49
439,Charmion,Amort,camortc6@google.cn,Female,2021-10-31 17:03:38
440,Ricky,Culham,rculhamc7@merriam-webster.com,Female,2022-01-15 13:09:19
441,Milka,Dorward,mdorwardc8@apple.com,Female,2022-01-13 12:24:44
442,Fifine,Baalham,fbaalhamc9@archive.org,Female,2022-09-30 01:19:16
443,Alyss,Hankinson,ahankinsonca@pinterest.com,Female,2022-01-29 03:09:05
444,Salomi,Fosberry,sfosberrycb@dell.com,Female,2022-02-23 08:14:34
445,Car,Dannehl,cdannehlcc@usgs.gov,Male,2022-06-11 09:40:05
446,Ferdy,Iggulden,figguldencd@purevolume.com,Male,2022-02-22 02:25:32
447,Sidonnie,Whitmell,swhitmellce@devhub.com,Female,2022-05-12 07:28:48
448,Margeaux,Bletso,mbletsocf@acquirethisname.com,Female,2022-06-22 02:20:17
449,Hyacinthie,Quirk,hquirkcg@rediff.com,Female,2022-06-04 21:33:57
450,Adiana,Sweetzer,asweetzerch@mac.com,Female,2022-08-31 08:21:09
451,Bryanty,Willock,bwillockci@g.co,Male,2022-06-22 16:51:06
452,Nev,Lenaghen,nlenaghencj@arstechnica.com,Male,2021-12-08 18:51:07
453,Valentia,Casolla,vcasollack@mashable.com,Female,2022-09-26 13:24:54
454,Meredith,Popescu,mpopescucl@engadget.com,Genderfluid,2022-08-14 11:34:16
455,Sibeal,Kemme,skemmecm@free.fr,Female,2022-04-20 08:48:23
456,Bobbette,Houldin,bhouldincn@seattletimes.com,Agender,2022-01-05 19:15:36
457,Dwayne,Slyme,dslymeco@archive.org,Male,2022-03-10 04:41:45
458,Ange,Castello,acastellocp@photobucket.com,Male,2022-06-27 12:43:31
459,Ilario,Foulger,ifoulgercq@exblog.jp,Male,2022-03-02 07:03:48
460,Bren,Biggerdike,bbiggerdikecr@skyrock.com,Male,2022-04-07 16:29:36
461,Waite,Maudett,wmaudettcs@chicagotribune.com,Male,2021-10-19 07:13:17
462,Ax,McRill,amcrillct@google.de,Male,2021-11-06 09:40:05
463,Abbey,Barrows,abarrowscu@adobe.com,Male,2022-03-03 07:27:14
464,Dennie,Beals,dbealscv@nsw.gov.au,Male,2021-12-14 13:53:40
465,Sara-ann,Pickavance,spickavancecw@studiopress.com,Female,2022-05-08 21:25:46
466,Kelby,Hunnybun,khunnybuncx@intel.com,Male,2022-04-09 15:49:26
467,Durante,Chewter,dchewtercy@cnet.com,Male,2022-07-14 01:06:48
468,Alla,Hartness,ahartnesscz@jigsy.com,Female,2021-12-13 20:52:12
469,Chloe,Hyman,chymand0@ow.ly,Female,2022-06-23 16:21:11
470,Harwell,Castro,hcastrod1@t-online.de,Male,2022-08-28 21:40:41
471,Joela,Dilgarno,jdilgarnod2@wsj.com,Female,2022-09-02 10:22:27
472,Aviva,Janks,ajanksd3@360.cn,Female,2022-08-05 13:45:19
473,Cary,Helleker,chellekerd4@nymag.com,Male,2022-10-02 03:13:35
474,Sax,Mynett,smynettd5@usa.gov,Male,2021-11-03 09:23:14
475,Henrik,Manicomb,hmanicombd6@ca.gov,Male,2022-06-15 20:54:32
476,Morena,Stathers,mstathersd7@nydailynews.com,Female,2022-08-05 15:34:41
477,Brigitte,Astill,bastilld8@wunderground.com,Female,2022-09-12 00:59:05
478,Esmeralda,Blackly,eblacklyd9@cisco.com,Female,2021-12-07 11:02:27
479,Celestyn,Riediger,criedigerda@newsvine.com,Female,2022-06-28 12:41:17
480,Morrie,Grieg,mgriegdb@accuweather.com,Male,2022-09-06 08:27:59
481,Farrel,Stark,fstarkdc@newsvine.com,Male,2021-10-11 14:26:29
482,Emily,Fontaine,efontainedd@walmart.com,Female,2022-10-03 21:34:59
483,Kaile,Leithgoe,kleithgoede@admin.ch,Female,2022-03-02 16:37:59
484,Way,Pietrzak,wpietrzakdf@elegantthemes.com,Male,2022-05-31 05:00:32
485,Karrah,Wollers,kwollersdg@vimeo.com,Female,2021-12-12 17:50:56
486,Emalia,Ingarfill,eingarfilldh@vkontakte.ru,Female,2022-01-06 04:10:29
487,Meryl,Rookledge,mrookledgedi@epa.gov,Female,2022-07-26 16:55:10
488,Stillman,Fahy,sfahydj@twitter.com,Male,2022-01-25 16:34:22
489,Geoffry,Summerlee,gsummerleedk@hp.com,Male,2022-09-09 17:26:20
490,Brand,Eymor,beymordl@techcrunch.com,Male,2021-11-24 21:43:05
491,Zachary,Garley,zgarleydm@parallels.com,Male,2022-04-01 22:17:12
492,Tye,Rainbow,trainbowdn@stanford.edu,Male,2022-04-18 15:22:11
493,Zane,Stode,zstodedo@trellian.com,Male,2022-09-16 06:41:41
494,Antonin,Kennifick,akennifickdp@cisco.com,Male,2021-12-01 05:11:15
495,Ainsley,Pabelik,apabelikdq@topsy.com,Female,2021-10-16 11:01:41
496,Shaw,McKernon,smckernondr@harvard.edu,Male,2021-11-05 05:31:23
497,Ramona,Ody,rodyds@sohu.com,Female,2021-11-01 10:04:05
498,Mufinella,Brewett,mbrewettdt@cnbc.com,Female,2022-01-29 10:40:43
499,Lefty,Persich,lpersichdu@ted.com,Agender,2021-10-18 01:37:03
500,Travus,Graysmark,tgraysmarkdv@oakley.com,Male,2022-06-11 04:39:20
501,Jaquenetta,Lyenyng,jlyenyngdw@bandcamp.com,Female,2021-11-01 20:28:22
502,Bianka,Sibyllina,bsibyllinadx@comcast.net,Female,2022-07-13 05:43:58
503,Cort,Behagg,cbehaggdy@boston.com,Male,2022-01-03 22:41:22
504,Marcellina,Druitt,mdruittdz@fema.gov,Female,2022-07-27 13:38:00
505,Roth,Rylatt,rrylatte0@tiny.cc,Male,2021-10-27 06:08:56
506,Hermione,Pratty,hprattye1@quantcast.com,Female,2022-08-08 09:15:26
507,Gualterio,Bavidge,gbavidgee2@diigo.com,Male,2022-03-24 02:55:33
508,Nadine,Nappin,nnappine3@upenn.edu,Female,2022-01-05 19:16:59
509,Myranda,Kubacek,mkubaceke4@scientificamerican.com,Female,2022-06-24 03:18:12
510,Eal,Bamborough,ebamboroughe5@php.net,Male,2022-02-16 21:32:58
511,Shaylah,Kennifick,skennificke6@smugmug.com,Female,2022-03-19 05:12:06
512,Freddie,Kerins,fkerinse7@angelfire.com,Female,2022-10-04 08:59:27
513,Godfree,McCleary,gmcclearye8@sciencedirect.com,Male,2022-09-10 04:03:38
514,Aymer,Scrase,ascrasee9@salon.com,Male,2021-12-12 20:09:05
515,Gaye,Danniel,gdannielea@home.pl,Female,2021-11-23 06:44:31
516,Maryann,Eggers,meggerseb@ebay.co.uk,Female,2021-10-18 08:16:32
517,Erminie,Cardall,ecardallec@mlb.com,Female,2022-01-26 01:51:39
518,Megan,Pocock,mpococked@paginegialle.it,Female,2022-03-19 10:05:00
519,Adolpho,Frushard,afrushardee@hhs.gov,Male,2022-08-01 18:12:05
520,Karney,Heavy,kheavyef@netlog.com,Male,2022-04-03 00:39:28
521,Pegeen,Ackers,packerseg@people.com.cn,Female,2022-03-21 01:02:50
522,Stevena,McMyler,smcmylereh@msu.edu,Genderqueer,2021-12-15 18:12:05
523,Laurie,Antunes,lantunesei@foxnews.com,Male,2021-12-01 22:41:38
524,Bordy,Maier,bmaierej@huffingtonpost.com,Male,2022-05-28 14:48:05
525,Riley,Brenston,rbrenstonek@huffingtonpost.com,Male,2022-08-18 04:35:58
526,Orel,Veitch,oveitchel@blogspot.com,Female,2022-06-13 18:55:46
527,Pinchas,Donisi,pdonisiem@nifty.com,Male,2022-08-29 22:56:16
528,Normand,Kybird,nkybirden@google.cn,Male,2021-10-17 02:36:35
529,Rozalie,Dyment,rdymenteo@newyorker.com,Female,2022-09-11 19:35:58
530,Clayton,Mingotti,cmingottiep@patch.com,Male,2022-03-09 02:58:39
531,Rebe,Rosenzwig,rrosenzwigeq@mac.com,Female,2022-01-30 15:36:42
532,Marmaduke,Brundell,mbrundeller@ed.gov,Male,2021-12-28 03:20:46
533,Myrle,Leatham,mleathames@statcounter.com,Female,2021-10-18 20:33:02
534,Lazare,Ottosen,lottosenet@desdev.cn,Male,2021-10-17 10:54:00
535,Flossie,Littledyke,flittledykeeu@sun.com,Genderqueer,2021-10-28 08:07:59
536,Urbano,Jeffry,ujeffryev@netscape.com,Male,2022-04-29 19:43:26
537,Mariquilla,Verdon,mverdonew@trellian.com,Female,2022-03-07 19:18:11
538,Spence,Poynter,spoynterex@symantec.com,Male,2022-01-13 11:17:31
539,Merrily,Belsham,mbelshamey@booking.com,Female,2022-08-24 12:59:51
540,Barret,Whitebrook,bwhitebrookez@nytimes.com,Male,2021-12-13 19:37:54
541,Elisha,Lambrecht,elambrechtf0@skyrock.com,Male,2022-04-04 07:31:58
542,Adolphus,Akhurst,aakhurstf1@soup.io,Male,2022-03-23 20:30:13
543,Hy,Suerz,hsuerzf2@boston.com,Male,2022-01-12 06:01:18
544,Di,Tiltman,dtiltmanf3@indiatimes.com,Female,2022-04-18 14:43:41
545,Jacquetta,Dunckley,jdunckleyf4@soup.io,Female,2021-12-25 03:17:19
546,Angelia,D'Orsay,adorsayf5@webmd.com,Female,2021-10-08 14:32:11
547,Monroe,Axelbey,maxelbeyf6@slate.com,Male,2022-03-21 06:09:53
548,Cart,Hutcheson,chutchesonf7@google.de,Male,2021-10-27 08:20:55
549,Jasper,Poff,jpofff8@squarespace.com,Male,2021-11-15 14:10:49
550,Richardo,Seccombe,rseccombef9@is.gd,Male,2022-01-24 04:22:02
551,Cristy,Lindenberg,clindenbergfa@usda.gov,Female,2022-07-17 04:36:08
552,Rhoda,Hulke,rhulkefb@reference.com,Female,2022-03-02 08:26:32
553,Evered,Pawelec,epawelecfc@bigcartel.com,Male,2021-10-11 20:50:39
554,Suki,Placide,splacidefd@google.it,Female,2022-04-04 17:57:13
555,Vernon,Leander,vleanderfe@forbes.com,Male,2021-10-07 18:42:07
556,Larine,Brooker,lbrookerff@icio.us,Female,2021-12-30 09:44:04
557,Rollin,Grahlman,rgrahlmanfg@amazon.co.jp,Male,2022-08-15 01:50:04
558,Noel,Stiebler,nstieblerfh@bandcamp.com,Male,2022-03-24 19:31:16
559,Free,Flaunders,fflaundersfi@cam.ac.uk,Male,2022-04-22 17:17:08
560,Beverlee,Barck,bbarckfj@photobucket.com,Female,2022-09-24 00:57:57
561,Ollie,Greaves,ogreavesfk@nba.com,Female,2022-03-05 17:58:06
562,Amargo,Summerhayes,asummerhayesfl@craigslist.org,Female,2022-06-28 05:19:51
563,Legra,Cossington,lcossingtonfm@xing.com,Female,2022-06-09 17:00:04
564,Bradley,Immings,bimmingsfn@gizmodo.com,Male,2022-06-02 18:21:26
565,Rici,Devigne,rdevignefo@howstuffworks.com,Female,2021-12-10 08:24:36
566,Rube,Dankov,rdankovfp@ted.com,Polygender,2022-08-02 08:58:21
567,Reggis,Grzes,rgrzesfq@umich.edu,Male,2021-12-09 18:03:33
568,Rhetta,Servant,rservantfr@etsy.com,Genderfluid,2021-10-09 14:32:09
569,Woodman,Askie,waskiefs@pcworld.com,Male,2022-07-23 05:12:00
570,Weston,Sarfat,wsarfatft@sciencedaily.com,Male,2022-01-30 23:23:35
571,Pearla,Piff,ppifffu@xinhuanet.com,Female,2022-06-24 21:37:28
572,Emelina,Vine,evinefv@amazon.com,Female,2022-01-09 19:17:20
573,Germaine,Hosby,ghosbyfw@quantcast.com,Female,2022-08-15 00:44:35
574,Moe,Casoni,mcasonifx@ebay.com,Male,2021-11-20 10:28:51
575,Emile,Livoir,elivoirfy@hc360.com,Male,2022-04-12 06:10:30
576,Dorothy,Wanklin,dwanklinfz@google.com.hk,Female,2022-08-05 15:20:11
577,Nealon,McGrey,nmcgreyg0@studiopress.com,Male,2022-09-18 11:00:29
578,Meir,Tidder,mtidderg1@prnewswire.com,Male,2021-11-17 04:27:23
579,Rod,Kiehnlt,rkiehnltg2@washingtonpost.com,Male,2021-12-01 01:08:04
580,Zacherie,Martindale,zmartindaleg3@last.fm,Male,2022-03-23 04:44:34
581,Rodolph,Himpson,rhimpsong4@gizmodo.com,Male,2022-04-06 03:47:39
582,Chaddy,Chrstine,cchrstineg5@booking.com,Male,2022-09-27 06:54:57
583,Romeo,Lattin,rlatting6@canalblog.com,Male,2022-07-18 21:20:08
584,Sandie,Edlestone,sedlestoneg7@reference.com,Female,2021-12-29 06:05:45
585,Orazio,Showering,oshoweringg8@simplemachines.org,Male,2022-03-17 19:47:53
586,Esther,Slayny,eslaynyg9@merriam-webster.com,Genderfluid,2022-06-23 19:58:32
587,Drona,Senior,dseniorga@narod.ru,Female,2021-12-12 04:55:02
588,Lin,Pitkins,lpitkinsgb@nyu.edu,Polygender,2022-09-27 00:28:45
589,Read,Skelbeck,rskelbeckgc@hhs.gov,Male,2022-06-29 20:37:11
590,Kalinda,Cragoe,kcragoegd@nih.gov,Female,2022-03-17 10:31:58
591,Nollie,Rubie,nrubiege@scribd.com,Male,2022-07-06 03:52:19
592,Torie,Lockhart,tlockhartgf@newsvine.com,Female,2022-04-04 06:48:10
593,Blair,Ettery,betterygg@about.com,Male,2022-09-19 15:47:58
594,Genevieve,Murrell,gmurrellgh@imageshack.us,Non-binary,2021-12-15 13:10:48
595,Melonie,Judkin,mjudkingi@dyndns.org,Female,2021-10-07 19:54:15
596,Lu,Feirn,lfeirngj@sitemeter.com,Female,2022-01-19 11:58:01
597,Corilla,Jeaffreson,cjeaffresongk@e-recht24.de,Female,2022-05-04 19:13:50
598,Lucho,Sorton,lsortongl@woothemes.com,Male,2022-01-18 04:23:16
599,Maressa,Nail,mnailgm@tmall.com,Female,2022-01-06 14:55:59
600,Base,Blas,bblasgn@technorati.com,Male,2021-10-17 02:29:07
601,Darwin,Twaite,dtwaitego@japanpost.jp,Male,2022-04-05 20:44:41
602,Inna,Pirozzi,ipirozzigp@squidoo.com,Female,2022-09-18 01:16:34
603,Wilone,BURWIN,wburwingq@pinterest.com,Female,2021-11-13 04:20:40
604,Cherry,Joao,cjoaogr@kickstarter.com,Female,2022-04-19 05:12:56
605,Shep,Rannigan,srannigangs@edublogs.org,Male,2022-04-15 17:48:15
606,Annecorinne,Habard,ahabardgt@symantec.com,Female,2022-05-05 11:05:07
607,Edin,Quipp,equippgu@smh.com.au,Female,2021-12-13 19:18:12
608,Meghan,Peiser,mpeisergv@histats.com,Female,2021-10-27 17:07:57
609,Philbert,Couttes,pcouttesgw@auda.org.au,Male,2022-02-28 01:05:54
610,Ingaborg,Scandwright,iscandwrightgx@wordpress.org,Female,2021-12-24 11:04:22
611,Fletcher,Limeburner,flimeburnergy@de.vu,Male,2022-08-01 07:08:21
612,Yulma,Maggiori,ymaggiorigz@soup.io,Male,2022-06-17 21:13:23
613,Chevy,Gerssam,cgerssamh0@bizjournals.com,Male,2022-02-07 20:34:42
614,Rutter,Croke,rcrokeh1@privacy.gov.au,Male,2021-12-22 20:39:05
615,Starlene,Astupenas,sastupenash2@narod.ru,Female,2021-12-26 10:32:29
616,Sidnee,Lettley,slettleyh3@wikispaces.com,Male,2022-09-28 16:09:26
617,Sibylla,Talmadge,stalmadgeh4@rakuten.co.jp,Female,2022-08-19 18:49:05
618,Agosto,Jobern,ajobernh5@nsw.gov.au,Male,2022-02-14 22:13:34
619,Mickie,Santello,msantelloh6@sciencedaily.com,Male,2021-12-16 00:52:45
620,Dag,Bezants,dbezantsh7@usda.gov,Male,2022-06-10 08:33:17
621,Kristos,McMaster,kmcmasterh8@dyndns.org,Agender,2021-11-30 11:42:23
622,Franklin,Ledgister,fledgisterh9@skyrock.com,Male,2021-11-05 18:48:34
623,Zandra,Anwyl,zanwylha@aboutads.info,Female,2022-03-06 03:57:42
624,Rodie,Blincko,rblinckohb@nytimes.com,Female,2022-02-01 13:29:13
625,Weston,Noel,wnoelhc@webeden.co.uk,Male,2022-01-08 00:58:35
626,Norby,Mulliner,nmullinerhd@constantcontact.com,Male,2022-08-12 02:00:07
627,Angie,Gecks,ageckshe@psu.edu,Male,2022-08-29 02:09:47
628,Saree,Beedie,sbeediehf@ibm.com,Female,2021-10-10 07:26:56
629,Romeo,Simonel,rsimonelhg@google.com.br,Male,2022-05-13 08:58:30
630,Lindsy,Hutson,lhutsonhh@cpanel.net,Female,2022-04-05 22:00:47
631,Mychal,Mallia,mmalliahi@lulu.com,Male,2022-01-12 12:49:13
632,Madelle,MacLennan,mmaclennanhj@ucsd.edu,Female,2022-02-20 13:16:00
633,Angeli,Torri,atorrihk@wikimedia.org,Male,2022-04-02 01:55:32
634,Kissie,Phillott,kphillotthl@nifty.com,Female,2022-09-15 03:51:20
635,Northrop,Ferretti,nferrettihm@thetimes.co.uk,Male,2022-01-04 05:13:51
636,Bryce,Cowhig,bcowhighn@soundcloud.com,Male,2022-05-04 06:53:59
637,Alexandr,Pitcaithly,apitcaithlyho@umn.edu,Male,2022-05-21 06:33:40
638,Romy,Waterstone,rwaterstonehp@census.gov,Female,2022-06-27 08:43:35
639,Frasier,Elves,felveshq@dmoz.org,Genderfluid,2022-07-06 17:06:52
640,Codi,Gamet,cgamethr@biblegateway.com,Female,2022-04-06 03:59:33
641,Fonsie,Bulteel,fbulteelhs@canalblog.com,Male,2021-12-13 12:31:05
642,Gordy,Minkin,gminkinht@linkedin.com,Male,2021-10-13 02:56:31
643,Feliza,Hurford,fhurfordhu@is.gd,Female,2022-02-26 13:48:36
644,Abagael,Ackwood,aackwoodhv@reference.com,Genderqueer,2022-02-15 22:28:47
645,Rachel,Caulton,rcaultonhw@oaic.gov.au,Female,2022-04-11 07:36:06
646,Joanie,Strognell,jstrognellhx@dagondesign.com,Female,2021-12-09 11:41:07
647,Humfrid,Faust,hfausthy@columbia.edu,Male,2022-09-27 13:14:34
648,Ban,Maevela,bmaevelahz@instagram.com,Male,2022-09-29 18:35:08
649,Franciska,Dunkinson,fdunkinsoni0@cocolog-nifty.com,Female,2022-06-22 20:21:19
650,Claudine,Leser,cleseri1@4shared.com,Female,2022-01-01 22:38:32
651,Lodovico,Easdon,leasdoni2@un.org,Male,2021-10-18 12:47:41
652,Boonie,Charsley,bcharsleyi3@mayoclinic.com,Male,2022-08-12 02:27:34
653,Germayne,Ramet,grameti4@ucoz.com,Male,2022-08-11 08:14:09
654,Alf,Iacovo,aiacovoi5@hugedomains.com,Male,2022-01-02 22:24:14
655,Taddeo,Colleck,tcollecki6@cnbc.com,Male,2022-02-19 12:08:31
656,Ive,Fontell,ifontelli7@flavors.me,Male,2021-10-28 10:57:05
657,Rozanne,Genicke,rgenickei8@hibu.com,Female,2022-04-30 10:37:38
658,Darline,Mottram,dmottrami9@msu.edu,Female,2022-07-14 16:22:35
659,Constancy,Jaggi,cjaggiia@uol.com.br,Female,2022-07-21 10:07:43
660,Ryley,Prickett,rprickettib@over-blog.com,Male,2022-08-06 02:54:34
661,Susana,Aked,sakedic@printfriendly.com,Bigender,2021-11-18 22:31:37
662,Crystie,Tattershall,ctattershallid@parallels.com,Female,2022-04-12 02:01:11
663,Sterne,Hartas,shartasie@mayoclinic.com,Male,2022-08-15 15:13:38
664,Selle,Marjanovic,smarjanovicif@dailymotion.com,Female,2022-01-26 17:28:05
665,Marris,Coombe,mcoombeig@sohu.com,Female,2021-11-13 07:33:01
666,Arlin,Govenlock,agovenlockih@vkontakte.ru,Male,2021-11-25 10:34:52
667,Shaylah,Edling,sedlingii@blogs.com,Female,2022-03-30 17:30:34
668,Tabb,Braune,tbrauneij@yelp.com,Male,2021-10-18 20:08:33
669,Pinchas,Wealleans,pwealleansik@jalbum.net,Male,2021-11-08 01:30:18
670,Margi,Avory,mavoryil@soup.io,Female,2022-05-26 23:46:42
671,Lauri,Riding,lridingim@un.org,Female,2022-02-03 12:49:19
672,Amby,Birchall,abirchallin@ask.com,Male,2022-08-24 18:35:38
673,Jill,Reina,jreinaio@privacy.gov.au,Female,2021-10-11 21:41:37
674,Esme,Callcott,ecallcottip@cmu.edu,Male,2022-08-13 03:51:19
675,William,Seally,wseallyiq@hp.com,Male,2022-08-09 07:08:07
676,Laure,Le Count,llecountir@independent.co.uk,Female,2021-10-27 02:09:02
677,Taylor,Lempke,tlempkeis@elegantthemes.com,Male,2022-04-11 06:53:39
678,Merle,Arendsen,marendsenit@google.it,Female,2022-04-24 01:54:51
679,Sheree,Crisp,scrispiu@tinyurl.com,Female,2022-08-01 08:26:47
680,Sandie,Purver,spurveriv@quantcast.com,Female,2022-06-16 17:50:21
681,Arleta,Muspratt,amusprattiw@chronoengine.com,Female,2022-07-09 12:01:18
682,Babita,Collidge,bcollidgeix@china.com.cn,Female,2022-04-12 06:42:12
683,Algernon,Farleigh,afarleighiy@biglobe.ne.jp,Male,2022-07-13 15:29:40
684,Vannie,Rosengren,vrosengreniz@exblog.jp,Female,2021-12-16 04:15:02
685,Xenos,Wasling,xwaslingj0@forbes.com,Male,2022-01-26 05:43:19
686,Vincenty,Quinlan,vquinlanj1@trellian.com,Male,2022-07-12 20:07:34
687,Modestia,Sumpton,msumptonj2@washingtonpost.com,Female,2022-01-27 10:34:31
688,Corrina,Levy,clevyj3@msn.com,Female,2021-10-17 15:13:55
689,Beltran,Itzchaky,bitzchakyj4@umn.edu,Male,2022-03-28 16:13:49
690,Shani,Le Sarr,slesarrj5@bing.com,Female,2022-05-12 09:09:55
691,Ario,MacDonnell,amacdonnellj6@smugmug.com,Male,2022-07-23 22:19:31
692,Clarke,Barck,cbarckj7@github.io,Male,2022-08-11 16:14:53
693,Janet,Maty,jmatyj8@admin.ch,Non-binary,2021-11-13 06:10:56
694,Luciana,Cotta,lcottaj9@china.com.cn,Genderfluid,2022-06-23 20:17:12
695,Weber,Moorman,wmoormanja@ftc.gov,Male,2022-04-02 10:06:45
696,Corissa,Waudby,cwaudbyjb@bigcartel.com,Genderqueer,2022-04-24 19:34:19
697,Alexandre,Pashenkov,apashenkovjc@alexa.com,Male,2022-08-11 01:52:50
698,Danya,Matusovsky,dmatusovskyjd@reddit.com,Female,2022-05-10 01:41:13
699,Sebastien,Sommerland,ssommerlandje@unblog.fr,Male,2022-06-24 08:38:43
700,Brittany,Patman,bpatmanjf@aboutads.info,Female,2022-03-02 05:45:05
701,Toddy,Boakes,tboakesjg@infoseek.co.jp,Male,2022-02-24 22:51:14
702,Ricky,Valerio,rvaleriojh@desdev.cn,Male,2022-03-26 19:24:33
703,Dorree,Hacking,dhackingji@posterous.com,Female,2022-03-27 06:33:07
704,Dorey,Meffen,dmeffenjj@phoca.cz,Polygender,2022-05-05 05:28:29
705,Abigale,Devlin,adevlinjk@harvard.edu,Female,2022-03-05 20:01:31
706,Birdie,Fleckney,bfleckneyjl@weather.com,Female,2021-11-09 21:00:08
707,Nisse,Happs,nhappsjm@baidu.com,Female,2021-11-09 01:07:18
708,Buddy,Petrak,bpetrakjn@wikia.com,Male,2022-03-11 09:17:47
709,Bo,Shirley,bshirleyjo@multiply.com,Male,2022-07-23 02:20:24
710,Gaspar,Calderbank,gcalderbankjp@upenn.edu,Male,2022-07-13 12:39:15
711,Averil,Krolle,akrollejq@netlog.com,Female,2022-09-18 05:38:54
712,Ginny,Boulds,gbouldsjr@sina.com.cn,Female,2022-07-07 16:14:12
713,Asia,Tynan,atynanjs@mediafire.com,Female,2022-08-08 00:25:41
714,Rem,Playdon,rplaydonjt@wisc.edu,Male,2022-04-06 13:37:08
715,Adriaens,Eliff,aeliffju@jigsy.com,Female,2022-08-25 22:56:27
716,Noby,Igounet,nigounetjv@issuu.com,Male,2022-09-11 08:40:52
717,Emlynne,Hincks,ehincksjw@trellian.com,Female,2021-12-24 02:50:05
718,Ethelred,Bernardino,ebernardinojx@slashdot.org,Male,2022-03-06 03:40:40
719,Lionello,Cunnow,lcunnowjy@rambler.ru,Male,2022-09-23 09:35:47
720,Aline,Bilston,abilstonjz@cbc.ca,Female,2022-02-06 15:55:53
721,Davis,Mesias,dmesiask0@cargocollective.com,Male,2022-01-25 13:17:22
722,Latrina,Touret,ltouretk1@webmd.com,Female,2022-06-28 18:46:09
723,Sadye,Adolf,sadolfk2@adobe.com,Female,2022-03-01 01:14:22
724,Gaylene,Geipel,ggeipelk3@nba.com,Female,2021-11-22 19:03:31
725,Nickolas,O'Scollee,noscolleek4@issuu.com,Male,2022-05-20 10:18:52
726,Hashim,Klewi,hklewik5@omniture.com,Non-binary,2022-05-08 20:16:56
727,Kelcie,Elcoat,kelcoatk6@google.ca,Female,2022-01-17 18:05:21
728,Clemente,Malletratt,cmalletrattk7@bizjournals.com,Male,2022-04-07 06:14:57
729,Ted,Blowers,tblowersk8@vinaora.com,Female,2022-03-20 10:53:58
730,Emyle,Orrah,eorrahk9@nbcnews.com,Genderqueer,2022-06-01 12:03:43
731,Kin,Karpenya,kkarpenyaka@imgur.com,Male,2021-12-19 06:29:03
732,Emmeline,Linklater,elinklaterkb@deliciousdays.com,Female,2022-05-25 19:50:21
733,Theo,Hoyer,thoyerkc@reuters.com,Male,2021-11-01 10:49:34
734,Theodore,Bleythin,tbleythinkd@clickbank.net,Male,2022-09-07 14:31:22
735,Audie,Basset,abassetke@toplist.cz,Genderqueer,2021-12-28 16:34:24
736,Karlen,Webbe,kwebbekf@cdbaby.com,Female,2022-07-17 10:06:59
737,Joete,Golson,jgolsonkg@nydailynews.com,Female,2021-10-07 09:26:53
738,Jaynell,Solan,jsolankh@geocities.com,Female,2021-12-19 22:44:17
739,Kaela,Amiable,kamiableki@elpais.com,Female,2022-02-01 01:55:42
740,Morten,Spilling,mspillingkj@diigo.com,Male,2022-04-06 06:58:20
741,Francene,Samples,fsampleskk@moonfruit.com,Female,2022-09-17 02:54:47
742,Dunn,Stranger,dstrangerkl@wisc.edu,Male,2021-10-14 06:54:23
743,Kizzie,Davidov,kdavidovkm@issuu.com,Female,2022-07-14 00:57:48
744,Kimble,Hinnerk,khinnerkkn@cdbaby.com,Male,2022-09-16 11:35:12
745,Nataniel,Lawton,nlawtonko@shareasale.com,Male,2022-03-24 20:44:25
746,Torrin,Swiffan,tswiffankp@fda.gov,Male,2022-06-17 17:53:48
747,Egon,Alyokhin,ealyokhinkq@bbb.org,Male,2021-11-04 05:53:11
748,Barbra,Treadgall,btreadgallkr@noaa.gov,Female,2022-07-20 02:49:05
749,Onida,Gudeman,ogudemanks@newsvine.com,Genderqueer,2022-07-05 05:33:48
750,Ange,Allden,aalldenkt@ebay.com,Male,2022-07-31 20:24:13
751,Cirstoforo,Cosslett,ccosslettku@com.com,Non-binary,2021-12-13 06:36:35
752,Dorine,Debold,ddeboldkv@fema.gov,Female,2022-08-23 13:20:39
753,Malcolm,Harman,mharmankw@yellowbook.com,Male,2022-07-25 20:34:20
754,Daffi,Elford,delfordkx@bbc.co.uk,Female,2022-05-14 20:11:46
755,Berti,Felten,bfeltenky@nps.gov,Male,2022-03-06 01:48:31
756,Jessey,Austen,jaustenkz@hc360.com,Male,2022-03-11 02:36:13
757,Austin,Jelkes,ajelkesl0@webs.com,Female,2022-02-18 19:47:55
758,Edouard,Shoesmith,eshoesmithl1@foxnews.com,Male,2022-05-15 12:44:42
759,Normand,Thaw,nthawl2@illinois.edu,Male,2022-04-25 12:42:53
760,Alexio,Blunn,ablunnl3@mapy.cz,Male,2021-10-25 23:06:23
761,Dennet,Cowlin,dcowlinl4@about.com,Male,2022-09-06 16:10:13
762,Angela,Sewley,asewleyl5@independent.co.uk,Female,2022-05-30 11:24:14
763,Gun,Avieson,gaviesonl6@oakley.com,Male,2022-08-20 03:56:48
764,Joyan,Dryburgh,jdryburghl7@qq.com,Female,2022-02-02 12:25:57
765,Jarad,Sallings,jsallingsl8@huffingtonpost.com,Polygender,2022-03-17 16:06:56
766,Wiatt,Novichenko,wnovichenkol9@java.com,Male,2022-07-07 09:07:58
767,Findlay,Shortt,fshorttla@tinypic.com,Male,2022-03-25 23:15:50
768,Dorena,Harriagn,dharriagnlb@seesaa.net,Agender,2021-12-24 16:22:27
769,Ingunna,Klink,iklinklc@slashdot.org,Female,2022-03-04 21:56:07
770,Claudell,Seres,cseresld@wordpress.com,Male,2022-04-29 12:46:36
771,Helga,Hayles,hhaylesle@fema.gov,Agender,2022-05-30 04:15:53
772,Kelbee,Zealey,kzealeylf@imageshack.us,Male,2022-01-25 07:12:52
773,Pall,Filinkov,pfilinkovlg@webmd.com,Male,2022-03-20 14:48:25
774,Moria,Gino,mginolh@tiny.cc,Female,2022-02-20 02:30:36
775,Adham,Brett,abrettli@npr.org,Male,2022-09-29 06:23:27
776,Maximilianus,Lissett,mlissettlj@weebly.com,Male,2021-10-15 02:27:04
777,Magdaia,May,mmaylk@bravesites.com,Female,2022-03-26 11:09:11
778,Leona,Lyptratt,llyptrattll@cbslocal.com,Polygender,2022-08-28 06:05:59
779,Martha,Mayward,mmaywardlm@e-recht24.de,Female,2021-12-17 08:16:12
780,Stefania,Bellows,sbellowsln@ox.ac.uk,Female,2022-07-08 07:27:26
781,Yancey,Sunshine,ysunshinelo@msu.edu,Male,2022-07-02 21:52:35
782,Saraann,Bayliss,sbaylisslp@fema.gov,Female,2021-10-23 23:30:37
783,Siusan,Ghidini,sghidinilq@youtube.com,Bigender,2022-04-24 09:05:40
784,Amalee,Slateford,aslatefordlr@google.it,Female,2022-03-15 09:58:41
785,Vonnie,Caygill,vcaygillls@hibu.com,Female,2022-03-19 18:53:39
786,Bonnee,Demange,bdemangelt@kickstarter.com,Female,2022-02-16 14:33:53
787,Barnie,McManus,bmcmanuslu@domainmarket.com,Male,2022-04-14 08:10:43
788,Tremain,Hunnywell,thunnywelllv@technorati.com,Male,2022-08-16 07:40:45
789,Kathlin,Leopold,kleopoldlw@acquirethisname.com,Female,2022-02-14 09:06:00
790,Shannah,Vamplers,svamplerslx@epa.gov,Female,2021-12-02 12:18:08
791,Merline,Mellenby,mmellenbyly@friendfeed.com,Agender,2021-12-17 08:13:50
792,Maurizio,Bleaden,mbleadenlz@deviantart.com,Male,2021-10-23 11:56:01
793,Kamillah,Bremmer,kbremmerm0@artisteer.com,Female,2022-02-09 08:50:49
794,Jean,Gaydon,jgaydonm1@shareasale.com,Male,2022-01-30 17:03:02
795,Stephie,Tiffney,stiffneym2@smh.com.au,Female,2022-07-31 13:12:29
796,Mamie,Cominetti,mcominettim3@amazon.com,Female,2021-12-09 19:47:15
797,Gael,Larrad,glarradm4@theatlantic.com,Female,2022-04-15 10:18:18
798,Stanfield,Wiggin,swigginm5@tumblr.com,Male,2022-05-25 00:26:47
799,Hilde,Endicott,hendicottm6@123-reg.co.uk,Female,2022-07-30 11:55:20
800,Joelie,Oliff,joliffm7@friendfeed.com,Female,2022-03-05 13:02:48
801,Amargo,Fuzzens,afuzzensm8@jiathis.com,Female,2022-09-29 19:38:32
802,Bordy,Bonelle,bbonellem9@exblog.jp,Male,2022-01-09 06:23:43
803,Meier,Calton,mcaltonma@apple.com,Male,2022-07-11 15:03:14
804,Euphemia,Gorbell,egorbellmb@fastcompany.com,Female,2022-09-19 15:04:29
805,Dotty,Bernhart,dbernhartmc@hubpages.com,Female,2022-01-12 19:00:14
806,Arabele,Rosenvasser,arosenvassermd@oracle.com,Female,2022-04-28 16:05:35
807,Gustav,Sammes,gsammesme@blogs.com,Non-binary,2022-05-17 07:40:44
808,Fabiano,Rennick,frennickmf@edublogs.org,Male,2022-03-23 15:34:55
809,Berti,Wakenshaw,bwakenshawmg@amazon.co.jp,Agender,2022-07-05 14:12:02
810,Derby,Scramage,dscramagemh@rambler.ru,Bigender,2021-10-07 21:33:16
811,Barth,Wadlow,bwadlowmi@samsung.com,Male,2022-02-25 01:38:06
812,Pen,Goodband,pgoodbandmj@hc360.com,Male,2022-03-31 01:04:39
813,Tamar,Swinn,tswinnmk@amazon.co.uk,Female,2022-07-11 11:00:11
814,Penni,Kennedy,pkennedyml@tumblr.com,Female,2021-11-23 03:34:35
815,Giavani,Spellar,gspellarmm@time.com,Male,2022-08-15 06:05:29
816,Thia,Stocks,tstocksmn@nyu.edu,Female,2022-03-01 23:54:00
817,Lorri,Rosenstein,lrosensteinmo@jimdo.com,Female,2021-11-24 19:03:14
818,Florry,Fawley,ffawleymp@noaa.gov,Female,2021-12-16 18:58:24
819,Pyotr,Fawlkes,pfawlkesmq@vistaprint.com,Male,2022-07-05 13:01:02
820,Carson,Piggford,cpiggfordmr@networksolutions.com,Male,2022-07-30 19:51:27
821,Cristian,Fortoun,cfortounms@woothemes.com,Male,2021-10-08 07:42:21
822,Honor,Lacoste,hlacostemt@cbsnews.com,Female,2022-01-02 10:25:50
823,Paco,McCrainor,pmccrainormu@alibaba.com,Male,2022-03-13 23:44:27
824,Earl,Farlane,efarlanemv@xinhuanet.com,Male,2022-09-28 20:52:50
825,Jessey,Elvin,jelvinmw@unblog.fr,Genderfluid,2022-06-28 18:34:08
826,Cecilius,Offer,coffermx@weebly.com,Male,2022-08-17 11:24:15
827,Cornie,Rounce,crouncemy@kickstarter.com,Male,2021-11-05 21:13:02
828,Dora,Crimes,dcrimesmz@eepurl.com,Female,2022-07-11 05:07:04
829,Shermie,Collie,scollien0@epa.gov,Non-binary,2021-10-11 23:36:24
830,Lillis,Emmitt,lemmittn1@seattletimes.com,Bigender,2021-12-12 03:55:11
831,Mace,Wynch,mwynchn2@creativecommons.org,Male,2022-06-15 20:23:57
832,Carree,Caraher,ccarahern3@exblog.jp,Female,2022-03-19 17:35:54
833,Berny,Ellinor,bellinorn4@npr.org,Non-binary,2022-06-25 20:53:43
834,Asher,Hancox,ahancoxn5@pbs.org,Polygender,2021-12-11 08:50:00
835,Giles,Crummie,gcrummien6@soundcloud.com,Male,2022-07-18 02:34:21
836,Ives,Corroyer,icorroyern7@theglobeandmail.com,Male,2021-10-25 12:30:04
837,Sosanna,De Lacey,sdelaceyn8@acquirethisname.com,Female,2022-02-02 20:51:28
838,Kyla,Cumbridge,kcumbridgen9@w3.org,Polygender,2022-09-27 05:19:43
839,Lorelle,Jandl,ljandlna@stumbleupon.com,Female,2022-04-14 20:05:46
840,Arvie,Harower,aharowernb@ucoz.ru,Male,2022-01-07 00:19:08
841,Jeff,Fisk,jfisknc@ox.ac.uk,Male,2022-04-27 00:08:02
842,Benn,Edmondson,bedmondsonnd@vimeo.com,Male,2022-07-09 06:58:19
843,Ginnifer,MacCaffery,gmaccafferyne@redcross.org,Female,2022-06-29 17:43:07
844,Cole,Barby,cbarbynf@twitpic.com,Genderqueer,2022-06-09 11:01:54
845,Burt,Costall,bcostallng@nps.gov,Male,2022-01-26 17:24:40
846,Nelia,Bust,nbustnh@t.co,Female,2021-11-17 22:50:27
847,Suzanna,Kamall,skamallni@illinois.edu,Female,2022-08-06 15:46:12
848,Duffy,Glazzard,dglazzardnj@biblegateway.com,Male,2021-12-12 03:55:07
849,Thacher,Colvin,tcolvinnk@google.fr,Male,2022-06-08 13:23:28
850,Jessamine,Ivons,jivonsnl@hexun.com,Female,2021-10-11 10:17:41
851,Gregorio,Argent,gargentnm@jiathis.com,Male,2022-01-10 01:00:40
852,Nanice,Duke,ndukenn@cbsnews.com,Female,2022-05-22 01:17:37
853,Sonia,Siebert,ssiebertno@salon.com,Female,2022-06-17 07:32:21
854,Tory,Hourigan,thourigannp@nytimes.com,Female,2022-01-09 10:12:04
855,Scotti,Learmouth,slearmouthnq@quantcast.com,Male,2022-07-02 06:01:41
856,Jecho,Petrusch,jpetruschnr@livejournal.com,Male,2022-04-20 01:27:45
857,Rosella,Portis,rportisns@harvard.edu,Female,2022-08-16 02:16:32
858,Dee,Claxton,dclaxtonnt@hao123.com,Female,2022-03-25 21:44:57
859,Rolfe,Huston,rhustonnu@topsy.com,Male,2022-06-16 05:45:07
860,Carly,Poundford,cpoundfordnv@seattletimes.com,Female,2022-01-13 01:30:31
861,Hugh,Miguel,hmiguelnw@pagesperso-orange.fr,Male,2022-08-20 12:08:52
862,Cal,Connor,cconnornx@360.cn,Male,2021-10-29 15:25:15
863,Darsie,Trevillion,dtrevillionny@godaddy.com,Female,2022-01-02 12:35:37
864,Renata,Weale,rwealenz@dailymail.co.uk,Female,2021-12-16 17:01:34
865,Terrijo,Duchant,tduchanto0@yahoo.co.jp,Female,2022-05-26 01:37:08
866,Madelaine,Ewenson,mewensono1@google.nl,Female,2022-03-19 17:33:48
867,Correna,Ricardot,cricardoto2@jalbum.net,Female,2021-11-05 03:36:35
868,Dmitri,Vauter,dvautero3@pbs.org,Male,2022-04-14 02:04:49
869,Abby,Yerrington,ayerringtono4@soundcloud.com,Male,2021-12-10 19:59:00
870,Margalit,Casier,mcasiero5@yandex.ru,Female,2022-06-30 13:38:43
871,Alison,Covolini,acovolinio6@macromedia.com,Female,2022-06-11 09:25:52
872,Brittni,Senton,bsentono7@imgur.com,Female,2022-09-23 20:08:30
873,Almira,Battisson,abattissono8@rambler.ru,Female,2021-12-28 05:00:22
874,Bryce,Coull,bcoullo9@sfgate.com,Male,2021-11-15 21:07:25
875,Colby,Crackett,ccrackettoa@nps.gov,Male,2022-08-01 17:22:32
876,Turner,Hughesdon,thughesdonob@google.com.hk,Male,2022-03-14 18:36:13
877,Veronique,By,vbyoc@marketwatch.com,Female,2021-10-31 00:57:49
878,Lynnett,Dono,ldonood@newsvine.com,Female,2022-08-26 00:11:40
879,Dorie,Simoneschi,dsimoneschioe@squidoo.com,Polygender,2021-11-01 01:08:24
880,Jolee,Thiem,jthiemof@rambler.ru,Female,2022-09-23 18:52:09
881,Fredek,Donne,fdonneog@usda.gov,Male,2021-11-18 10:57:14
882,Muire,Woolis,mwoolisoh@twitpic.com,Female,2022-03-25 13:38:20
883,Edlin,Ibarra,eibarraoi@newsvine.com,Male,2022-02-04 20:46:14
884,Dominik,Shawcross,dshawcrossoj@printfriendly.com,Male,2022-04-24 20:50:14
885,Donnajean,Lafuente,dlafuenteok@edublogs.org,Female,2021-11-09 17:47:02
886,Kristopher,Mangenet,kmangenetol@yelp.com,Genderfluid,2022-04-14 01:27:32
887,Goddard,Mourant,gmourantom@nps.gov,Male,2022-07-13 14:29:40
888,Goddard,Reedshaw,greedshawon@simplemachines.org,Male,2022-04-04 13:44:11
889,Tallia,Haffard,thaffardoo@time.com,Bigender,2022-02-02 11:38:35
890,Rock,Fulstow,rfulstowop@ow.ly,Male,2022-03-24 16:05:27
891,Rubia,Adnam,radnamoq@pen.io,Female,2022-06-27 17:05:21
892,Hamnet,Bartle,hbartleor@51.la,Male,2022-04-26 18:06:36
893,Kassie,Callander,kcallanderos@fotki.com,Female,2022-05-23 11:49:05
894,Perla,Woodrooffe,pwoodrooffeot@purevolume.com,Female,2022-10-04 07:48:41
895,Emory,Twinborough,etwinboroughou@comcast.net,Male,2022-01-25 21:40:52
896,Jewel,Pratt,jprattov@diigo.com,Agender,2021-12-12 09:28:30
897,Ebonee,Imesen,eimesenow@hud.gov,Female,2022-08-20 06:49:52
898,Byrann,Klimov,bklimovox@sogou.com,Male,2022-07-03 07:28:09
899,Kylynn,Dilland,kdillandoy@nyu.edu,Female,2021-10-17 23:48:43
900,Andrea,Kobus,akobusoz@mashable.com,Female,2022-06-19 00:14:50
901,Jermaine,Sinkins,jsinkinsp0@booking.com,Female,2022-08-07 15:51:41
902,Lilly,Angliss,langlissp1@dailymail.co.uk,Female,2022-04-15 20:07:11
903,Irita,Palmby,ipalmbyp2@jimdo.com,Female,2022-08-26 04:52:04
904,Agace,Walklott,awalklottp3@ehow.com,Female,2022-04-13 17:53:23
905,Jamesy,Djekovic,jdjekovicp4@hp.com,Male,2021-12-17 17:46:06
906,Coralie,Mapplebeck,cmapplebeckp5@4shared.com,Female,2022-01-16 10:33:23
907,Andreana,Orritt,aorrittp6@state.tx.us,Female,2021-10-30 04:11:15
908,Erie,Bownde,ebowndep7@themeforest.net,Male,2022-03-29 16:30:30
909,Humfrey,Wehden,hwehdenp8@dot.gov,Male,2021-12-19 15:08:28
910,Pattie,Trafford,ptraffordp9@arstechnica.com,Male,2022-07-12 20:11:17
911,Boycey,Gogay,bgogaypa@friendfeed.com,Male,2022-07-25 03:42:43
912,Erie,Tomasoni,etomasonipb@biglobe.ne.jp,Male,2022-05-12 18:03:47
913,Shep,Hewell,shewellpc@sakura.ne.jp,Male,2021-12-30 21:00:27
914,Kailey,Hallmark,khallmarkpd@berkeley.edu,Non-binary,2021-11-10 17:56:22
915,Stephan,Monroe,smonroepe@cnbc.com,Male,2021-11-09 12:22:42
916,Stormie,Silverthorn,ssilverthornpf@archive.org,Female,2022-02-20 10:59:43
917,Winonah,Gerssam,wgerssampg@tripod.com,Female,2022-08-01 00:43:00
918,Kendra,Raine,kraineph@creativecommons.org,Female,2022-09-06 04:28:24
919,Cari,Pitney,cpitneypi@cisco.com,Female,2022-07-16 20:00:22
920,Gabriel,Gaytor,ggaytorpj@yolasite.com,Male,2022-10-05 16:17:54
921,Verile,Mayers,vmayerspk@reverbnation.com,Genderfluid,2022-08-04 13:07:14
922,Kevan,Mapam,kmapampl@theglobeandmail.com,Male,2022-03-01 09:33:29
923,Michael,Honywill,mhonywillpm@odnoklassniki.ru,Male,2021-12-14 04:42:40
924,Gar,Chapell,gchapellpn@ycombinator.com,Bigender,2022-09-22 11:35:51
925,Kirstin,Stirrup,kstirruppo@barnesandnoble.com,Female,2022-05-27 04:16:13
926,Oralee,Gercke,ogerckepp@paginegialle.it,Female,2021-12-30 08:11:36
927,Markos,Motton,mmottonpq@cdc.gov,Male,2022-01-31 13:54:36
928,Druci,Meus,dmeuspr@theatlantic.com,Non-binary,2022-09-22 06:57:31
929,Lotte,Dorgon,ldorgonps@nih.gov,Female,2022-02-09 21:02:54
930,Marney,Jojic,mjojicpt@odnoklassniki.ru,Female,2022-01-05 04:02:14
931,Fawne,Hamberstone,fhamberstonepu@skype.com,Female,2021-10-14 17:37:18
932,Gretchen,Bagnold,gbagnoldpv@networksolutions.com,Female,2022-01-17 03:18:14
933,Emmy,Cawdery,ecawderypw@cnn.com,Male,2022-01-17 10:10:17
934,Maura,Stork,mstorkpx@foxnews.com,Female,2022-06-10 02:02:13
935,Gennifer,Asple,gasplepy@kickstarter.com,Female,2022-05-26 00:30:37
936,Wood,Gopsill,wgopsillpz@reference.com,Male,2021-11-20 02:57:23
937,Bob,Calfe,bcalfeq0@netvibes.com,Male,2022-05-03 08:57:12
938,Lianne,MacTeggart,lmacteggartq1@1688.com,Female,2022-02-28 17:29:08
939,Kleon,Liff,kliffq2@feedburner.com,Male,2022-08-14 15:26:21
940,Catlaina,Clymer,cclymerq3@icio.us,Female,2022-01-16 13:38:34
941,Brantley,Martyntsev,bmartyntsevq4@redcross.org,Male,2022-05-23 02:54:53
942,Dari,Coldtart,dcoldtartq5@trellian.com,Female,2022-09-21 13:06:59
943,Aileen,Merredy,amerredyq6@oracle.com,Female,2022-02-04 18:05:26
944,Peadar,Ivanchov,pivanchovq7@elpais.com,Male,2022-09-24 03:58:09
945,Derick,Fonteyne,dfonteyneq8@ed.gov,Male,2022-03-22 12:00:10
946,Maxi,Foden,mfodenq9@github.com,Female,2022-03-17 19:26:00
947,Laurette,Sopper,lsopperqa@examiner.com,Female,2022-07-04 11:15:26
948,Bernie,Mundy,bmundyqb@weebly.com,Female,2022-07-03 18:00:44
949,Maddi,Smiths,msmithsqc@blogspot.com,Female,2021-10-28 23:31:12
950,Sallyanne,Brik,sbrikqd@yandex.ru,Female,2021-12-24 18:07:35
951,Constancy,Worledge,cworledgeqe@wordpress.org,Female,2021-12-26 12:10:46
952,Flory,Gothrup,fgothrupqf@arizona.edu,Male,2021-12-30 09:51:22
953,Kirsten,Moulsdale,kmoulsdaleqg@cyberchimps.com,Female,2022-03-18 02:01:41
954,Nathanial,Braghini,nbraghiniqh@sciencedirect.com,Male,2021-11-12 07:03:06
955,Lou,Purves,lpurvesqi@chicagotribune.com,Female,2021-12-27 05:23:27
956,Sheba,Probat,sprobatqj@opensource.org,Female,2022-06-12 15:04:32
957,Gayla,Goodley,ggoodleyqk@squarespace.com,Female,2021-11-05 19:34:19
958,Earlie,Daens,edaensql@blogs.com,Male,2022-07-12 22:16:58
959,Bren,Astles,bastlesqm@blogspot.com,Male,2022-06-23 22:57:12
960,Norina,McIver,nmciverqn@skyrock.com,Agender,2022-08-19 00:51:55
961,Barbabas,Shelley,bshelleyqo@yellowpages.com,Male,2022-04-18 22:12:09
962,Chelsie,Sholl,cshollqp@harvard.edu,Female,2022-08-13 22:50:32
963,Fletch,Rich,frichqq@comcast.net,Male,2022-06-26 17:00:07
964,Malissia,Aloshkin,maloshkinqr@home.pl,Female,2022-03-21 10:25:21
965,Darill,Prise,dpriseqs@upenn.edu,Male,2022-05-27 03:19:25
966,Faun,Karpfen,fkarpfenqt@zimbio.com,Female,2022-07-15 20:14:35
967,Francine,Dever,fdeverqu@weebly.com,Female,2022-06-08 08:50:50
968,Reginauld,Job,rjobqv@oracle.com,Male,2021-11-06 05:27:47
969,Dix,Irnis,dirnisqw@odnoklassniki.ru,Female,2021-12-09 05:33:08
970,Kim,Marcum,kmarcumqx@nature.com,Female,2022-09-14 15:46:39
971,Romeo,Cropp,rcroppqy@youku.com,Male,2022-04-24 07:47:54
972,Meggie,Lingley,mlingleyqz@hhs.gov,Female,2022-08-23 00:42:24
973,Berkley,Bengefield,bbengefieldr0@tmall.com,Male,2022-09-04 17:29:22
974,Colan,Bantock,cbantockr1@yellowpages.com,Male,2021-11-28 05:59:26
975,Petey,MacRorie,pmacrorier2@imageshack.us,Male,2022-09-01 09:32:35
976,Whitney,Iredell,wiredellr3@reuters.com,Male,2022-05-16 11:42:15
977,Kala,Seamon,kseamonr4@woothemes.com,Female,2022-03-22 20:51:21
978,Sonnnie,Delleschi,sdelleschir5@huffingtonpost.com,Female,2022-03-25 22:21:11
979,Erhard,Rickets,ericketsr6@free.fr,Male,2021-10-09 09:27:57
980,Elfreda,O' Mullan,eomullanr7@github.com,Female,2021-10-23 13:15:47
981,Cosetta,Hoolaghan,choolaghanr8@si.edu,Female,2022-01-01 17:32:55
982,Hamlen,Gatheral,hgatheralr9@mac.com,Male,2022-07-01 10:40:29
983,Eolanda,Swaisland,eswaislandra@edublogs.org,Female,2022-07-08 04:00:55
984,Carling,Klosser,cklosserrb@wsj.com,Male,2022-01-26 14:12:50
985,Dorian,Mendel,dmendelrc@unblog.fr,Polygender,2022-08-11 16:43:52
986,Spike,McDowell,smcdowellrd@kickstarter.com,Male,2022-03-12 17:49:46
987,Jerry,Balasin,jbalasinre@devhub.com,Female,2022-07-21 01:36:33
988,Corey,Tabram,ctabramrf@google.ru,Male,2021-11-03 17:36:44
989,Gabriele,McMains,gmcmainsrg@oracle.com,Male,2022-05-26 10:57:41
990,Ignacio,Cowden,icowdenrh@github.com,Male,2021-10-30 00:15:45
991,Konstanze,Jenicke,kjenickeri@toplist.cz,Female,2021-12-31 15:40:26
992,Melania,Miliffe,mmilifferj@netvibes.com,Female,2022-06-23 08:15:26
993,Wadsworth,Beech,wbeechrk@theguardian.com,Male,2022-08-15 22:40:37
994,Berky,Shillaker,bshillakerrl@thetimes.co.uk,Agender,2022-01-16 15:01:38
995,Nevsa,Fanstone,nfanstonerm@shareasale.com,Female,2022-06-15 16:43:46
996,Arie,Andersson,aanderssonrn@bbc.co.uk,Male,2022-02-27 02:04:35
997,Coleen,MacLachlan,cmaclachlanro@intel.com,Female,2021-11-30 22:50:02
998,Dorita,Chattaway,dchattawayrp@google.co.jp,Female,2022-08-27 03:08:02
999,Maire,Maase,mmaaserq@unesco.org,Female,2021-10-26 09:26:18
1000,Saxon,Stanfield,sstanfieldrr@netscape.com,Male,2021-10-21 20:29:35
